BatchIdx	TestPerBatchMean
0	1.1561431884765625
1	1.0474085807800293
2	1.141228437423706
3	1.1160576343536377
4	1.1526217460632324
5	1.1433181762695312
6	1.188546895980835
7	1.1530303955078125
8	1.109954595565796
9	1.1351968050003052
10	1.2369178533554077
11	1.0905311107635498
12	1.1497983932495117
13	1.2093756198883057
14	1.1050875186920166
15	1.1073894500732422
16	1.2092622518539429
17	1.129791021347046
18	1.1405348777770996
19	1.2235475778579712
20	1.2760043144226074
21	1.175548791885376
22	1.288353681564331
23	1.318234920501709
24	1.3176467418670654
25	1.3074305057525635
26	1.2694227695465088
27	1.2430188655853271
28	1.2142174243927002
29	1.311875343322754
30	1.3531057834625244
31	1.3304271697998047
32	1.2167123556137085
33	1.3524028062820435
34	1.166222095489502
35	1.295207142829895
36	1.2974578142166138
37	1.1925392150878906
38	1.2589002847671509
39	1.370392084121704
40	1.0349030494689941
41	0.9549877047538757
42	0.9829795956611633
43	1.0363690853118896
44	1.0778367519378662
45	1.0116662979125977
46	0.9835484027862549
47	1.042851209640503
48	0.9637956619262695
49	1.025827407836914
50	1.1288727521896362
51	0.9302678108215332
52	0.9658645391464233
53	1.1283397674560547
54	0.9708141684532166
55	0.988499641418457
56	1.0999186038970947
57	1.0179853439331055
58	1.0241142511367798
59	1.1059564352035522
60	1.030343770980835
61	0.9369096755981445
62	1.0032426118850708
63	1.0286262035369873
64	1.0471994876861572
65	1.022637963294983
66	1.0133028030395508
67	0.9482568502426147
68	0.9261620044708252
69	0.9622762203216553
70	0.970152735710144
71	0.9367557764053345
72	0.9746036529541016
73	1.08795166015625
74	1.0255311727523804
75	0.9451478719711304
76	1.0545672178268433
77	1.0244460105895996
78	0.9556714296340942
79	1.1090949773788452
80	0.9581069350242615
81	1.0234525203704834
82	1.1355761289596558
83	1.1620612144470215
84	1.1052913665771484
85	1.079817771911621
86	1.017614483833313
87	1.0904443264007568
88	1.0215437412261963
89	1.1173715591430664
90	1.1203337907791138
91	1.0533638000488281
92	0.9532989859580994
93	1.182546615600586
94	1.0397100448608398
95	1.0812326669692993
96	1.198217749595642
97	1.0598137378692627
98	1.0170539617538452
99	1.1563061475753784
100	0.8690463304519653
101	0.7436103820800781
102	0.8000916242599487
103	0.7931636571884155
104	0.9812877774238586
105	0.8217929601669312
106	0.8598054647445679
107	0.8881708383560181
108	0.8231652975082397
109	0.7564957737922668
110	0.8144834637641907
111	0.7938040494918823
112	0.745551347732544
113	0.9098411798477173
114	0.8491708040237427
115	0.8299241662025452
116	0.9728212356567383
117	0.7872111797332764
118	0.7842225432395935
119	0.9328292608261108
120	0.7759648561477661
121	0.7323854565620422
122	0.7892996668815613
123	0.8758823275566101
124	0.9488234519958496
125	0.8001652956008911
126	0.8207505345344543
127	0.8717883229255676
128	0.7697329521179199
129	0.8100559711456299
130	0.8020387291908264
131	0.8428269624710083
132	0.7582261562347412
133	0.8937720060348511
134	0.775059700012207
135	0.7973647117614746
136	0.9326997995376587
137	0.7412801384925842
138	0.8407167196273804
139	0.9122046232223511
140	1.1906890869140625
141	1.1743624210357666
142	1.0478088855743408
143	1.1861941814422607
144	1.2966301441192627
145	1.2518434524536133
146	1.2408452033996582
147	1.2470608949661255
148	1.1992322206497192
149	1.197440266609192
150	1.1953403949737549
151	1.1990911960601807
152	1.1214414834976196
153	1.2423564195632935
154	1.2352105379104614
155	1.2537493705749512
156	1.3823599815368652
157	0.9940052628517151
158	1.1337004899978638
159	1.3801555633544922
160	1.0236011743545532
161	0.9597470164299011
162	1.07763671875
163	1.0074524879455566
164	1.0571708679199219
165	0.9954742193222046
166	1.0842161178588867
167	1.019361972808838
168	1.0347445011138916
169	1.0285706520080566
170	1.0326685905456543
171	0.9648994207382202
172	1.0049999952316284
173	1.0446175336837769
174	1.0253610610961914
175	0.9870776534080505
176	1.1546574831008911
177	0.9698522090911865
178	0.9687666893005371
179	1.177422046661377
180	0.9259461760520935
181	0.8291951417922974
182	0.9083393812179565
183	0.9547985196113586
184	1.009280800819397
185	0.8642970323562622
186	0.9700194001197815
187	0.9764846563339233
188	0.8190598487854004
189	0.9535176753997803
190	0.8642253279685974
191	0.9348030090332031
192	0.8040288090705872
193	0.8911446332931519
194	0.8287473320960999
195	0.8645904660224915
196	0.9972406029701233
197	0.9244483709335327
198	0.7707383632659912
199	0.9525856971740723
200	1.1304607391357422
201	1.1678779125213623
202	0.9517294764518738
203	1.074681043624878
204	1.1011173725128174
205	1.0882859230041504
206	1.101491928100586
207	1.1137728691101074
208	1.0828529596328735
209	1.0245215892791748
210	1.111281156539917
211	1.0037237405776978
212	1.091291069984436
213	1.2030608654022217
214	1.0629159212112427
215	1.128393292427063
216	1.2288413047790527
217	1.1127536296844482
218	1.0706846714019775
219	1.1528986692428589
220	1.000864028930664
221	0.9686328768730164
222	0.9872521758079529
223	1.0896186828613281
224	1.24921715259552
225	1.021593689918518
226	1.114914894104004
227	1.009695291519165
228	0.977022111415863
229	0.9984548091888428
230	0.9539957642555237
231	1.0001790523529053
232	0.8681021928787231
233	1.089098334312439
234	1.039430856704712
235	1.004454255104065
236	1.1286354064941406
237	0.9982483386993408
238	0.8828005790710449
239	1.0296564102172852
240	0.7391303181648254
241	0.7509043216705322
242	0.7947289943695068
243	0.9129080176353455
244	0.987348735332489
245	0.7861232757568359
246	0.8420848846435547
247	0.9225101470947266
248	0.7594162225723267
249	0.7683295011520386
250	0.7556785345077515
251	0.7353284955024719
252	0.7696923613548279
253	0.8449847102165222
254	0.8312805891036987
255	0.7959201335906982
256	0.8623769283294678
257	0.8403984308242798
258	0.8374270796775818
259	0.9152039289474487
260	0.7173997163772583
261	0.771115779876709
262	0.7269229292869568
263	0.8702801465988159
264	0.9441472291946411
265	0.9392727613449097
266	0.9027762413024902
267	0.9346855282783508
268	0.876717209815979
269	0.7418001294136047
270	0.7595951557159424
271	0.7176142334938049
272	0.6438223123550415
273	0.8671401143074036
274	0.8650408387184143
275	0.8182873129844666
276	0.9620758295059204
277	0.7338083982467651
278	0.6984524726867676
279	0.9302527904510498
280	0.7960747480392456
281	0.8690805435180664
282	0.7791638970375061
283	0.8810847401618958
284	1.05386221408844
285	0.9516623020172119
286	0.9140018820762634
287	0.9969777464866638
288	0.9595303535461426
289	0.8879441022872925
290	0.8270696997642517
291	0.7998351454734802
292	0.7899768352508545
293	1.0569963455200195
294	0.9455826282501221
295	0.8836805820465088
296	1.044892430305481
297	0.7489500045776367
298	0.923457145690918
299	0.9221047759056091
300	1.8761333227157593
301	1.764743447303772
302	1.9139357805252075
303	2.114356279373169
304	1.9310050010681152
305	1.9398202896118164
306	1.7844793796539307
307	1.87984299659729
308	1.626619577407837
309	1.970865249633789
310	1.9499372243881226
311	1.9490411281585693
312	1.7993173599243164
313	2.053600549697876
314	1.7894694805145264
315	1.9722384214401245
316	2.0138444900512695
317	1.7635570764541626
318	1.8074848651885986
319	1.8311048746109009
320	0.778278112411499
321	0.7129206657409668
322	0.7559977173805237
323	0.830801248550415
324	1.1208422183990479
325	0.7936739921569824
326	0.8549636602401733
327	0.8783103227615356
328	0.7904800176620483
329	0.7781875729560852
330	0.726521909236908
331	0.6852418184280396
332	0.7199454307556152
333	1.0077669620513916
334	0.8922638893127441
335	0.8516647219657898
336	0.9161374568939209
337	0.7199757099151611
338	0.8228261470794678
339	0.870117723941803
340	0.815302848815918
341	0.799028754234314
342	0.8357180953025818
343	0.8897656202316284
344	1.1414134502410889
345	0.8873293399810791
346	0.9006661176681519
347	0.9053548574447632
348	0.8093694448471069
349	0.8765267729759216
350	0.7955940961837769
351	0.6608176231384277
352	0.5969621539115906
353	0.9215936660766602
354	0.9007983207702637
355	0.9322571754455566
356	1.0511099100112915
357	0.7729936838150024
358	0.79964280128479
359	0.957015335559845
360	0.8288465738296509
361	0.8709036111831665
362	0.80023193359375
363	0.8710094690322876
364	1.1161949634552002
365	0.917750895023346
366	0.9465308785438538
367	1.0399651527404785
368	0.9365638494491577
369	0.8258107304573059
370	0.8731428384780884
371	0.8017275929450989
372	0.783343493938446
373	0.9705806970596313
374	0.9120522737503052
375	0.846306324005127
376	1.068924903869629
377	0.7449558973312378
378	0.9024078845977783
379	0.8465014100074768
380	0.8420782685279846
381	0.7975375652313232
382	0.7246524691581726
383	0.9054230451583862
384	1.0738011598587036
385	0.8875922560691833
386	0.8682912588119507
387	0.9213581085205078
388	0.873308002948761
389	0.7302180528640747
390	0.757756233215332
391	0.671761155128479
392	0.6158217787742615
393	0.9514347910881042
394	0.9151045083999634
395	0.9482596516609192
396	1.0733582973480225
397	0.7400819063186646
398	0.7992634177207947
399	1.0531779527664185
400	0.8647010326385498
401	0.826846718788147
402	0.8433845043182373
403	0.8961589336395264
404	1.2340688705444336
405	0.9837695956230164
406	0.9821212291717529
407	1.0594048500061035
408	0.952472448348999
409	0.8329310417175293
410	0.8466678261756897
411	0.7068326473236084
412	0.6749401092529297
413	1.0847419500350952
414	0.905568540096283
415	0.9200217723846436
416	1.0523197650909424
417	0.8813631534576416
418	0.8026098608970642
419	0.8836401104927063
420	0.7637195587158203
421	0.7691013813018799
422	0.7839882969856262
423	1.0044090747833252
424	1.1477479934692383
425	0.8849915266036987
426	0.8666925430297852
427	0.9677556753158569
428	0.8330867290496826
429	0.8544824123382568
430	0.8762220144271851
431	0.7167739272117615
432	0.7593357563018799
433	0.9902644753456116
434	0.8396742343902588
435	0.8842400908470154
436	1.0578162670135498
437	0.682807445526123
438	0.9068692922592163
439	0.8945402503013611
440	0.6643145084381104
441	0.7953764200210571
442	0.6824632287025452
443	0.919793963432312
444	1.0943177938461304
445	0.8495432138442993
446	0.7453097105026245
447	0.8842129707336426
448	0.7793964147567749
449	0.7114739418029785
450	0.733008086681366
451	0.6620140671730042
452	0.5770848393440247
453	0.9292517900466919
454	0.8330188393592834
455	0.8241550922393799
456	0.9653998613357544
457	0.6801526546478271
458	0.7835366725921631
459	0.8409677743911743
460	0.7096022367477417
461	0.7698834538459778
462	0.7452617287635803
463	0.9219850897789001
464	1.1823886632919312
465	0.852493166923523
466	0.8626424074172974
467	0.9613474011421204
468	0.8064432144165039
469	0.8174721598625183
470	0.7332285642623901
471	0.6880717277526855
472	0.6194487810134888
473	0.9343982934951782
474	0.9335908889770508
475	0.863755464553833
476	0.9958562850952148
477	0.7604089379310608
478	0.8002076148986816
479	0.9496594667434692
480	0.7485916614532471
481	0.8002971410751343
482	0.7612888813018799
483	0.8799265623092651
484	1.1647090911865234
485	0.7865605354309082
486	0.9300626516342163
487	0.9677741527557373
488	0.881135106086731
489	0.7692595720291138
490	0.7406784892082214
491	0.7217670679092407
492	0.6926161646842957
493	0.9640132188796997
494	0.8957551717758179
495	0.8427552580833435
496	1.000535249710083
497	0.7007661461830139
498	0.7889411449432373
499	0.9055333137512207
500	0.6920969486236572
501	0.6897121667861938
502	0.689812421798706
503	0.8619751334190369
504	1.134617805480957
505	0.7602343559265137
506	0.8503533601760864
507	0.9114736914634705
508	0.800186276435852
509	0.7591376304626465
510	0.7261760234832764
511	0.6690897941589355
512	0.576007604598999
513	0.9706933498382568
514	0.8886277079582214
515	0.8557807803153992
516	0.9785827994346619
517	0.6244409680366516
518	0.7414717674255371
519	0.8839426636695862
520	0.7309092283248901
521	0.7450855374336243
522	0.6933237314224243
523	0.8512805700302124
524	1.134258508682251
525	0.7584496736526489
526	0.7989478707313538
527	0.9307587146759033
528	0.8152519464492798
529	0.7411931753158569
530	0.6928948163986206
531	0.6306605935096741
532	0.6067067980766296
533	0.968816339969635
534	0.8243562579154968
535	0.8258394002914429
536	0.9811587333679199
537	0.647232174873352
538	0.7172922492027283
539	0.9024437069892883
540	0.7118555307388306
541	0.7175688743591309
542	0.6771033406257629
543	0.8527752757072449
544	1.1104490756988525
545	0.7534013390541077
546	0.8300859928131104
547	0.934285581111908
548	0.8027488589286804
549	0.7473520040512085
550	0.7190817594528198
551	0.6048870086669922
552	0.5886732339859009
553	0.9604756832122803
554	0.8344845771789551
555	0.8487608432769775
556	0.9554089903831482
557	0.643319308757782
558	0.7109602093696594
559	0.8389639258384705
560	0.7150140404701233
561	0.7237862348556519
562	0.6724295616149902
563	0.8198444247245789
564	1.1264232397079468
565	0.7788486480712891
566	0.8583701252937317
567	0.931342601776123
568	0.7964494228363037
569	0.7372865676879883
570	0.7595329880714417
571	0.6187305450439453
572	0.6127450466156006
573	0.917659342288971
574	0.8244631886482239
575	0.8418123722076416
576	0.9376235008239746
577	0.6094159483909607
578	0.7316229343414307
579	0.8554216027259827
580	0.6963165998458862
581	0.7110132575035095
582	0.7182141542434692
583	0.8513592481613159
584	1.1685104370117188
585	0.7769641280174255
586	0.8988616466522217
587	0.9684792160987854
588	0.8198184967041016
589	0.7310423254966736
590	0.7572857737541199
591	0.622901201248169
592	0.5760740041732788
593	0.9518305063247681
594	0.8595783710479736
595	0.8470473289489746
596	0.9814577102661133
597	0.6481974720954895
598	0.7418967485427856
599	0.8406949639320374
600	0.6756088137626648
601	0.7157078385353088
602	0.6735170483589172
603	0.8344933390617371
604	1.132246732711792
605	0.7452480792999268
606	0.8340764045715332
607	0.9365005493164062
608	0.8036819100379944
609	0.7203181982040405
610	0.726499617099762
611	0.61112380027771
612	0.5816586017608643
613	0.9449814558029175
614	0.8318804502487183
615	0.8328983187675476
616	0.9295833110809326
617	0.616317868232727
618	0.7162637710571289
619	0.8345972299575806
620	0.6848384141921997
621	0.7305102348327637
622	0.6796460151672363
623	0.830966055393219
624	1.1461139917373657
625	0.7414467334747314
626	0.8327422142028809
627	0.9396524429321289
628	0.8082433938980103
629	0.7154412269592285
630	0.7360185384750366
631	0.6132960319519043
632	0.588610827922821
633	0.9434720873832703
634	0.8314236402511597
635	0.8269937038421631
636	0.9309742450714111
637	0.6315006017684937
638	0.7099321484565735
639	0.8447051048278809
640	0.6924067735671997
641	0.7330402731895447
642	0.6816748976707458
643	0.829816997051239
644	1.1385728120803833
645	0.7508401870727539
646	0.8355172872543335
647	0.9459353089332581
648	0.8173803091049194
649	0.7239083051681519
650	0.7436134219169617
651	0.6132116317749023
652	0.5841107964515686
653	0.9572399258613586
654	0.8422971963882446
655	0.8386330008506775
656	0.9366034269332886
657	0.6162570714950562
658	0.708357036113739
659	0.8523620367050171
660	0.6852986812591553
661	0.7284670472145081
662	0.6896700263023376
663	0.8348550796508789
664	1.1436405181884766
665	0.7524064779281616
666	0.8394209146499634
667	0.9511289596557617
668	0.8096303939819336
669	0.7265146970748901
670	0.7362247705459595
671	0.6082669496536255
672	0.5839810371398926
673	0.9559391736984253
674	0.8448606133460999
675	0.8428534865379333
676	0.9373733401298523
677	0.6243224143981934
678	0.7109801769256592
679	0.8243280053138733
680	0.6966474056243896
681	0.7303687334060669
682	0.6772098541259766
683	0.8275550603866577
684	1.1423614025115967
685	0.743060827255249
686	0.8456097841262817
687	0.9484117031097412
688	0.8135185241699219
689	0.7225341796875
690	0.7347851991653442
691	0.6050581336021423
692	0.5885125994682312
693	0.9554159641265869
694	0.8453163504600525
695	0.8408316969871521
696	0.9303293228149414
697	0.6235311031341553
698	0.7081745862960815
699	0.8522033095359802
700	0.6892483234405518
701	0.7277776002883911
702	0.6822656393051147
703	0.8327431678771973
704	1.146645188331604
705	0.7528981566429138
706	0.841924786567688
707	0.9427282214164734
708	0.8133813738822937
709	0.7222051620483398
710	0.7346963882446289
711	0.6061446666717529
712	0.5887139439582825
713	0.9634637832641602
714	0.843612551689148
715	0.8455154895782471
716	0.9324691891670227
717	0.6265138983726501
718	0.7169870138168335
719	0.8409829139709473
720	0.6893606185913086
721	0.7214040160179138
722	0.6850738525390625
723	0.8391969799995422
724	1.1569769382476807
725	0.764699399471283
726	0.8363721370697021
727	0.9551716446876526
728	0.818367600440979
729	0.7230637073516846
730	0.7424343228340149
731	0.6093910932540894
732	0.5889394879341125
733	0.9695935249328613
734	0.8534640073776245
735	0.8424468636512756
736	0.9426690340042114
737	0.632877767086029
738	0.717218279838562
739	0.8441491723060608
740	0.6989890933036804
741	0.730642557144165
742	0.67910236120224
743	0.8476036787033081
744	1.162964940071106
745	0.7597816586494446
746	0.8504015207290649
747	0.9534224271774292
748	0.8299658894538879
749	0.7283802032470703
750	0.7488431930541992
751	0.6115539073944092
752	0.5963394641876221
753	0.9725610017776489
754	0.8524817228317261
755	0.8468879461288452
756	0.9502124786376953
757	0.6244021654129028
758	0.7258239388465881
759	0.861018717288971
760	0.687739372253418
761	0.7245431542396545
762	0.6811410784721375
763	0.8396497964859009
764	1.1499468088150024
765	0.7534958124160767
766	0.8392828702926636
767	0.9563388824462891
768	0.820904016494751
769	0.7248775959014893
770	0.7458248138427734
771	0.6227959990501404
772	0.5880085229873657
773	0.9602451920509338
774	0.8424922227859497
775	0.8425421714782715
776	0.9393179416656494
777	0.630439817905426
778	0.719961941242218
779	0.8539879322052002
780	0.6912690997123718
781	0.7280516624450684
782	0.6788924932479858
783	0.8406949043273926
784	1.1562637090682983
785	0.7556227445602417
786	0.8502497673034668
787	0.9524332284927368
788	0.8260437846183777
789	0.7213200330734253
790	0.7371010780334473
791	0.6161930561065674
792	0.5880994200706482
793	0.9626284837722778
794	0.8542382717132568
795	0.8485790491104126
796	0.9409748315811157
797	0.6167758703231812
798	0.717199444770813
799	0.8490787744522095
800	0.6947634816169739
801	0.7301113605499268
802	0.6834630966186523
803	0.8427506685256958
804	1.150952935218811
805	0.7600550055503845
806	0.8385933637619019
807	0.9590088129043579
808	0.8190187811851501
809	0.7274128198623657
810	0.742751955986023
811	0.6144230365753174
812	0.5973154306411743
813	0.9651788473129272
814	0.852619469165802
815	0.8466970324516296
816	0.9372888803482056
817	0.6224515438079834
818	0.7267685532569885
819	0.8390464782714844
820	0.6955717206001282
821	0.7381224632263184
822	0.6840587854385376
823	0.8512426614761353
824	1.1554827690124512
825	0.7670291662216187
826	0.8516274690628052
827	0.9573633670806885
828	0.8291503190994263
829	0.7208899259567261
830	0.739094614982605
831	0.6147211194038391
832	0.594872236251831
833	0.9660362005233765
834	0.8516683578491211
835	0.8553234338760376
836	0.9465181827545166
837	0.6328195333480835
838	0.7269178628921509
839	0.8423067331314087
840	0.6929379105567932
841	0.7323986291885376
842	0.6825527548789978
843	0.8532111048698425
844	1.157759189605713
845	0.7568978667259216
846	0.8583636283874512
847	0.9566079378128052
848	0.8255736827850342
849	0.7242347002029419
850	0.7419680953025818
851	0.6142870187759399
852	0.5917021036148071
853	0.9619405269622803
854	0.8530458807945251
855	0.8587430119514465
856	0.9482399225234985
857	0.6333739161491394
858	0.7210733294487
859	0.829923689365387
860	0.6926438808441162
861	0.7341371774673462
862	0.6847047805786133
863	0.8451901078224182
864	1.1582114696502686
865	0.7582448720932007
866	0.8483170866966248
867	0.9610676169395447
868	0.8211275935173035
869	0.720539927482605
870	0.7486758232116699
871	0.620128870010376
872	0.5990709066390991
873	0.9588018655776978
874	0.8461279273033142
875	0.8580127954483032
876	0.9393297433853149
877	0.6315759420394897
878	0.7209042906761169
879	0.8351102471351624
880	0.6984976530075073
881	0.7364873886108398
882	0.6855600476264954
883	0.8570464849472046
884	1.1593971252441406
885	0.7684742212295532
886	0.8445422649383545
887	0.9612637758255005
888	0.8328758478164673
889	0.7165766954421997
890	0.7411174774169922
891	0.6134670972824097
892	0.5849530100822449
893	0.9706764817237854
894	0.8635313510894775
895	0.8611694574356079
896	0.9554702043533325
897	0.6288816928863525
898	0.7209888696670532
899	0.8518482446670532
900	0.716469943523407
901	0.7519289255142212
902	0.6882449388504028
903	0.8532789945602417
904	1.1654789447784424
905	0.7775246500968933
906	0.872611939907074
907	0.959152340888977
908	0.8713353276252747
909	0.7247176170349121
910	0.7551742196083069
911	0.6377893686294556
912	0.5800772309303284
913	0.9977849721908569
914	0.887076735496521
915	0.8842875957489014
916	0.9875487089157104
917	0.6411985158920288
918	0.7174577713012695
919	0.8891040682792664
920	0.6979360580444336
921	0.732406497001648
922	0.6836385726928711
923	0.8466989994049072
924	1.1582354307174683
925	0.7586170434951782
926	0.8500173091888428
927	0.9551851749420166
928	0.8288406729698181
929	0.7203885912895203
930	0.7597160339355469
931	0.6171867847442627
932	0.5953584313392639
933	0.961729109287262
934	0.8537481427192688
935	0.8553412556648254
936	0.9428303241729736
937	0.6242674589157104
938	0.7188009023666382
939	0.8432632684707642
940	0.7014247179031372
941	0.7434513568878174
942	0.6869005560874939
943	0.8621878623962402
944	1.1602176427841187
945	0.767932116985321
946	0.8544167876243591
947	0.9536727666854858
948	0.8330729007720947
949	0.7224607467651367
950	0.751835823059082
951	0.6169363260269165
952	0.5946651697158813
953	0.9751030206680298
954	0.8585198521614075
955	0.860278308391571
956	0.9550225734710693
957	0.62325119972229
958	0.7287449836730957
959	0.84229975938797
960	0.7029198408126831
961	0.7365329265594482
962	0.6799789667129517
963	0.8565818071365356
964	1.1520006656646729
965	0.7719635963439941
966	0.8502839803695679
967	0.9513376951217651
968	0.8397862911224365
969	0.7241950631141663
970	0.7495879530906677
971	0.6219726800918579
972	0.6001991629600525
973	0.976696252822876
974	0.8485362529754639
975	0.8513689637184143
976	0.9622841477394104
977	0.6318144202232361
978	0.7294439077377319
979	0.8528775572776794
980	0.6978788375854492
981	0.7357886433601379
982	0.6881800889968872
983	0.8598349094390869
984	1.166397213935852
985	0.7652605772018433
986	0.8570541739463806
987	0.953737735748291
988	0.827661395072937
989	0.731574535369873
990	0.756594181060791
991	0.6206613183021545
992	0.5952819585800171
993	0.9744176864624023
994	0.8522335290908813
995	0.8590529561042786
996	0.9469926357269287
997	0.6269519329071045
998	0.7310602068901062
999	0.8509765863418579
1000	0.7050734758377075
1001	0.7367462515830994
1002	0.6880517601966858
1003	0.8590807914733887
1004	1.1600308418273926
1005	0.7678999304771423
1006	0.8583441376686096
1007	0.9538353681564331
1008	0.8366135358810425
1009	0.7180031538009644
1010	0.7537333965301514
1011	0.6110674142837524
1012	0.5975222587585449
1013	0.9739670753479004
1014	0.8645297288894653
1015	0.8566707372665405
1016	0.9525389671325684
1017	0.6327850818634033
1018	0.7244714498519897
1019	0.8552051782608032
1020	0.7030562162399292
1021	0.7444367408752441
1022	0.6882691383361816
1023	0.86910480260849
1024	1.1614480018615723
1025	0.7788949608802795
1026	0.8559383749961853
1027	0.9596607685089111
1028	0.8422031998634338
1029	0.7212878465652466
1030	0.7563928365707397
1031	0.6156482696533203
1032	0.6018593311309814
1033	0.9801871180534363
1034	0.8604782223701477
1035	0.8635270595550537
1036	0.9568858742713928
1037	0.6300055384635925
1038	0.7328249216079712
1039	0.8532301187515259
1040	0.6988136172294617
1041	0.7362394332885742
1042	0.6870931386947632
1043	0.8597280383110046
1044	1.1689425706863403
1045	0.7679051160812378
1046	0.8570696115493774
1047	0.9610381126403809
1048	0.8349151611328125
1049	0.7268922924995422
1050	0.7607883214950562
1051	0.6147987842559814
1052	0.599629282951355
1053	0.9739115834236145
1054	0.8591412305831909
1055	0.8666739463806152
1056	0.9548993110656738
1057	0.6253214478492737
1058	0.7310013771057129
1059	0.8544590473175049
1060	0.705410361289978
1061	0.7437129616737366
1062	0.69210284948349
1063	0.865510106086731
1064	1.1753814220428467
1065	0.7736425399780273
1066	0.8569439649581909
1067	0.9712406992912292
1068	0.8370110988616943
1069	0.7279127836227417
1070	0.7627412676811218
1071	0.6155446767807007
1072	0.6047395467758179
1073	0.978856086730957
1074	0.8679066300392151
1075	0.8656747341156006
1076	0.9585990905761719
1077	0.6340998411178589
1078	0.728094220161438
1079	0.8553661108016968
1080	0.6974526643753052
1081	0.743681788444519
1082	0.6924684047698975
1083	0.8682565689086914
1084	1.1764214038848877
1085	0.7776102423667908
1086	0.8616288900375366
1087	0.9653885960578918
1088	0.8404732346534729
1089	0.7285991311073303
1090	0.7606375813484192
1091	0.624587893486023
1092	0.5968756675720215
1093	0.9906558990478516
1094	0.8659908771514893
1095	0.8685644865036011
1096	0.9642130732536316
1097	0.6311771869659424
1098	0.73382568359375
1099	0.8523265719413757
1100	0.7058947086334229
1101	0.7447245121002197
1102	0.6929813027381897
1103	0.8729323148727417
1104	1.1816809177398682
1105	0.7891371846199036
1106	0.8571490049362183
1107	0.9765350222587585
1108	0.8401381969451904
1109	0.7342565059661865
1110	0.762692928314209
1111	0.6301069259643555
1112	0.600350022315979
1113	0.9848485589027405
1114	0.8676663637161255
1115	0.8593841791152954
1116	0.9653407335281372
1117	0.6429094076156616
1118	0.7392727136611938
1119	0.8609021902084351
1120	0.7086917161941528
1121	0.7414485216140747
1122	0.6884254217147827
1123	0.8641822934150696
1124	1.1692026853561401
1125	0.7821838855743408
1126	0.8498464822769165
1127	0.966051459312439
1128	0.8350696563720703
1129	0.7346833944320679
1130	0.7660886645317078
1131	0.6250508427619934
1132	0.609881579875946
1133	0.9873716831207275
1134	0.8700815439224243
1135	0.8661736249923706
1136	0.9579609036445618
1137	0.6312212944030762
1138	0.7402819991111755
1139	0.8588481545448303
1140	0.7067778706550598
1141	0.7355873584747314
1142	0.6945335865020752
1143	0.8620743751525879
1144	1.1591099500656128
1145	0.7825271487236023
1146	0.8482288122177124
1147	0.9656814336776733
1148	0.8293263912200928
1149	0.7290823459625244
1150	0.7677082419395447
1151	0.6356000900268555
1152	0.6038740873336792
1153	0.9760041832923889
1154	0.8549349308013916
1155	0.8584564328193665
1156	0.9497007131576538
1157	0.6379591226577759
1158	0.7354636788368225
1159	0.8602056503295898
1160	0.7057690620422363
1161	0.7419989109039307
1162	0.7013094425201416
1163	0.8677586913108826
1164	1.1781249046325684
1165	0.787006139755249
1166	0.8559499979019165
1167	0.9779250025749207
1168	0.8349494934082031
1169	0.7381836175918579
1170	0.7718134522438049
1171	0.6365441679954529
1172	0.6058419942855835
1173	0.9852679967880249
1174	0.8618462085723877
1175	0.87898188829422
1176	0.9573081731796265
1177	0.6375765204429626
1178	0.7351970076560974
1179	0.8595232963562012
1180	0.6987422108650208
1181	0.7354207634925842
1182	0.6932659149169922
1183	0.8758835792541504
1184	1.1695361137390137
1185	0.7905400991439819
1186	0.847892701625824
1187	0.9724128842353821
1188	0.8383457064628601
1189	0.7379448413848877
1190	0.7603529691696167
1191	0.6230002641677856
1192	0.601326048374176
1193	0.9847577214241028
1194	0.8631352186203003
1195	0.862663984298706
1196	0.9679186344146729
1197	0.632166862487793
1198	0.7469453811645508
1199	0.851112961769104
1200	0.7078708410263062
1201	0.7442920207977295
1202	0.6847442984580994
1203	0.8665212988853455
1204	1.1706948280334473
1205	0.7783886194229126
1206	0.8564528226852417
1207	0.9653743505477905
1208	0.8397976756095886
1209	0.7334563732147217
1210	0.7611479759216309
1211	0.6195269823074341
1212	0.6074730157852173
1213	0.9835216403007507
1214	0.8710647821426392
1215	0.8583231568336487
1216	0.9602134227752686
1217	0.6277680397033691
1218	0.7388544082641602
1219	0.859023928642273
1220	0.7042257189750671
1221	0.7401275038719177
1222	0.6911458969116211
1223	0.8744301795959473
1224	1.1769435405731201
1225	0.7825387716293335
1226	0.8704948425292969
1227	0.9713643789291382
1228	0.841677725315094
1229	0.7372778058052063
1230	0.7582800388336182
1231	0.6170401573181152
1232	0.6128136515617371
1233	0.986706018447876
1234	0.8683025240898132
1235	0.8744362592697144
1236	0.9716627597808838
1237	0.6336373090744019
1238	0.7449946999549866
1239	0.8559433817863464
1240	0.7025805711746216
1241	0.7375116348266602
1242	0.6959638595581055
1243	0.8726522326469421
1244	1.1790032386779785
1245	0.7865196466445923
1246	0.8537186980247498
1247	0.9759190678596497
1248	0.831900954246521
1249	0.7420095801353455
1250	0.7664999961853027
1251	0.6291418075561523
1252	0.6085571050643921
1253	0.9901676177978516
1254	0.865728497505188
1255	0.871463418006897
1256	0.9576981663703918
1257	0.6346423625946045
1258	0.7455058693885803
1259	0.8577044010162354
1260	0.7066989541053772
1261	0.7476258277893066
1262	0.6953774690628052
1263	0.8794081211090088
1264	1.1859030723571777
1265	0.789079487323761
1266	0.8641802072525024
1267	0.980656623840332
1268	0.8433677554130554
1269	0.7405948638916016
1270	0.7655560970306396
1271	0.6230338215827942
1272	0.6154335141181946
1273	0.989942193031311
1274	0.8756979703903198
1275	0.878738522529602
1276	0.9681282043457031
1277	0.6393088102340698
1278	0.7464866638183594
1279	0.850370466709137
1280	0.7088444232940674
1281	0.7469580173492432
1282	0.6997931599617004
1283	0.8807923793792725
1284	1.1755995750427246
1285	0.7962213754653931
1286	0.8497902154922485
1287	0.9730063676834106
1288	0.8402072191238403
1289	0.7473173141479492
1290	0.7629355192184448
1291	0.628851056098938
1292	0.6114051342010498
1293	0.9951283931732178
1294	0.872603714466095
1295	0.8743578791618347
1296	0.968890905380249
1297	0.6295294761657715
1298	0.7539950609207153
1299	0.8695127367973328
1300	0.7079089879989624
1301	0.7503087520599365
1302	0.6915920972824097
1303	0.8720813989639282
1304	1.1771526336669922
1305	0.7872727513313293
1306	0.847150981426239
1307	0.9722047448158264
1308	0.8409825563430786
1309	0.7421798706054688
1310	0.76584392786026
1311	0.6284886598587036
1312	0.6032148599624634
1313	0.9936603307723999
1314	0.8760409355163574
1315	0.8729937672615051
1316	0.9672878980636597
1317	0.6275491714477539
1318	0.7415995597839355
1319	0.8665805459022522
1320	0.7051668167114258
1321	0.7412526607513428
1322	0.694193959236145
1323	0.8714522123336792
1324	1.188333511352539
1325	0.7842743396759033
1326	0.8630212545394897
1327	0.9761869311332703
1328	0.8358004689216614
1329	0.7366795539855957
1330	0.7622358798980713
1331	0.6214132308959961
1332	0.6122784614562988
1333	0.987289309501648
1334	0.8741607666015625
1335	0.8764950633049011
1336	0.9573578238487244
1337	0.6331920027732849
1338	0.7475656867027283
1339	0.8482978940010071
1340	0.7080866098403931
1341	0.7451560497283936
1342	0.6986469030380249
1343	0.8713389039039612
1344	1.1826362609863281
1345	0.7878841161727905
1346	0.8621038198471069
1347	0.9832289218902588
1348	0.8375711441040039
1349	0.7311412692070007
1350	0.7686442732810974
1351	0.6283372640609741
1352	0.6122732162475586
1353	0.9822345972061157
1354	0.8701935410499573
1355	0.8781198263168335
1356	0.9615634679794312
1357	0.6431565284729004
1358	0.7407212257385254
1359	0.857201874256134
1360	0.7047125697135925
1361	0.7415469884872437
1362	0.6884198188781738
1363	0.8709062337875366
1364	1.1734063625335693
1365	0.7803064584732056
1366	0.8603771924972534
1367	0.9758216738700867
1368	0.8377181887626648
1369	0.7365942597389221
1370	0.7640388011932373
1371	0.6198215484619141
1372	0.6024508476257324
1373	0.9876929521560669
1374	0.8739171624183655
1375	0.8710207939147949
1376	0.9715142250061035
1377	0.6321289539337158
1378	0.7354698181152344
1379	0.8528187870979309
1380	0.7148153781890869
1381	0.7514640688896179
1382	0.6932774782180786
1383	0.8794963955879211
1384	1.1705436706542969
1385	0.7931503057479858
1386	0.8613268136978149
1387	0.9741017818450928
1388	0.8510499000549316
1389	0.738990843296051
1390	0.7648793458938599
1391	0.6304163932800293
1392	0.6064264178276062
1393	0.9988988041877747
1394	0.8782971501350403
1395	0.8728810548782349
1396	0.9796435236930847
1397	0.6355181932449341
1398	0.7478174567222595
1399	0.8637630939483643
1400	0.7050946950912476
1401	0.7463866472244263
1402	0.6970910429954529
1403	0.8734102845191956
1404	1.1878020763397217
1405	0.7839157581329346
1406	0.8727584481239319
1407	0.9770544171333313
1408	0.8402400612831116
1409	0.7314680814743042
1410	0.7627403140068054
1411	0.6275982856750488
1412	0.6098038554191589
1413	0.9864388704299927
1414	0.8672124147415161
1415	0.8785618543624878
1416	0.9630363583564758
1417	0.6418508887290955
1418	0.7438051700592041
1419	0.8594454526901245
1420	0.7095986604690552
1421	0.750058650970459
1422	0.6982327699661255
1423	0.8808363080024719
1424	1.181072473526001
1425	0.7919676303863525
1426	0.8598020076751709
1427	0.9831793904304504
1428	0.8503991365432739
1429	0.7453032732009888
1430	0.7692078351974487
1431	0.6307876110076904
1432	0.6042470335960388
1433	0.9941309690475464
1434	0.8809723854064941
1435	0.8840956091880798
1436	0.9809805154800415
1437	0.6371613144874573
1438	0.7436401844024658
1439	0.8551607728004456
1440	0.7120997905731201
1441	0.7488276958465576
1442	0.6969327926635742
1443	0.8769577741622925
1444	1.1904499530792236
1445	0.7914454340934753
1446	0.8783047199249268
1447	0.9793390035629272
1448	0.8478286266326904
1449	0.7448190450668335
1450	0.768182635307312
1451	0.6284667253494263
1452	0.611243486404419
1453	1.0002859830856323
1454	0.8815129995346069
1455	0.8849002122879028
1456	0.9731273651123047
1457	0.6374944448471069
1458	0.7499880790710449
1459	0.871319591999054
1460	0.7107555866241455
1461	0.7478266954421997
1462	0.6949150562286377
1463	0.8785791993141174
1464	1.1815390586853027
1465	0.7927045822143555
1466	0.8630045056343079
1467	0.9834113121032715
1468	0.847160816192627
1469	0.7434794902801514
1470	0.7632051706314087
1471	0.6242930293083191
1472	0.6067762970924377
1473	0.9890880584716797
1474	0.8812439441680908
1475	0.876848042011261
1476	0.9733749032020569
1477	0.6395735144615173
1478	0.749398946762085
1479	0.8594017028808594
1480	0.7136895060539246
1481	0.7421894669532776
1482	0.6883125901222229
1483	0.8660805225372314
1484	1.183221459388733
1485	0.7883346080780029
1486	0.8608409762382507
1487	0.97552490234375
1488	0.8449246287345886
1489	0.7391122579574585
1490	0.7620961666107178
1491	0.6202676296234131
1492	0.6080275774002075
1493	0.9895971417427063
1494	0.8822870850563049
1495	0.8669350743293762
1496	0.9685686826705933
1497	0.636107325553894
1498	0.7448917031288147
1499	0.8620770573616028
1500	0.7104651927947998
1501	0.7514984011650085
1502	0.6939666271209717
1503	0.878264844417572
1504	1.1813807487487793
1505	0.7934284210205078
1506	0.8564245104789734
1507	0.98089200258255
1508	0.8462142944335938
1509	0.7422633767127991
1510	0.7674945592880249
1511	0.6244478225708008
1512	0.605995774269104
1513	0.9909032583236694
1514	0.878913402557373
1515	0.8751047253608704
1516	0.974158525466919
1517	0.6366931200027466
1518	0.7437537312507629
1519	0.8625226020812988
1520	0.7074966430664062
1521	0.7471538782119751
1522	0.6984192132949829
1523	0.86881023645401
1524	1.1820688247680664
1525	0.7849769592285156
1526	0.8537949919700623
1527	0.9743942022323608
1528	0.8375614881515503
1529	0.7415479421615601
1530	0.7755945920944214
1531	0.635440468788147
1532	0.6089099645614624
1533	0.9852003455162048
1534	0.8657475709915161
1535	0.8759844303131104
1536	0.956158459186554
1537	0.6367878913879395
1538	0.7437140345573425
1539	0.8580260872840881
1540	0.7057735919952393
1541	0.746375322341919
1542	0.6906847953796387
1543	0.870570182800293
1544	1.1835520267486572
1545	0.7841048240661621
1546	0.8619904518127441
1547	0.978041410446167
1548	0.8410958051681519
1549	0.741431713104248
1550	0.7731719017028809
1551	0.6287055611610413
1552	0.6121187210083008
1553	0.9861113429069519
1554	0.8708786368370056
1555	0.872580349445343
1556	0.959028959274292
1557	0.6363263130187988
1558	0.7432962656021118
1559	0.8531462550163269
1560	0.7092545032501221
1561	0.7502403259277344
1562	0.7036035060882568
1563	0.8778268098831177
1564	1.1838815212249756
1565	0.7947070598602295
1566	0.8467492461204529
1567	0.9878860712051392
1568	0.8421225547790527
1569	0.7498425841331482
1570	0.7805135250091553
1571	0.6445392370223999
1572	0.6040747165679932
1573	0.9895256757736206
1574	0.873586893081665
1575	0.8805637359619141
1576	0.9709649682044983
1577	0.6422185897827148
1578	0.7482874393463135
1579	0.863995373249054
1580	0.7125882506370544
1581	0.7530477643013
1582	0.6897767782211304
1583	0.8677057027816772
1584	1.187627911567688
1585	0.7844592928886414
1586	0.8639039397239685
1587	0.9680967330932617
1588	0.8460656404495239
1589	0.7388526201248169
1590	0.7692276239395142
1591	0.6252830028533936
1592	0.6076696515083313
1593	0.994484543800354
1594	0.8738588094711304
1595	0.8819949626922607
1596	0.9696230888366699
1597	0.6343722939491272
1598	0.7437370419502258
1599	0.86788010597229
1600	0.7112839221954346
1601	0.7431969046592712
1602	0.7008865475654602
1603	0.874871551990509
1604	1.188938856124878
1605	0.7925436496734619
1606	0.8693709373474121
1607	0.9800301194190979
1608	0.8426594734191895
1609	0.7388875484466553
1610	0.7661980986595154
1611	0.627730131149292
1612	0.6073287725448608
1613	0.9884730577468872
1614	0.8710728883743286
1615	0.8790603876113892
1616	0.9683277606964111
1617	0.6434592008590698
1618	0.7438079118728638
1619	0.8610999584197998
1620	0.7158832550048828
1621	0.7525251507759094
1622	0.6959988474845886
1623	0.8790068030357361
1624	1.1816802024841309
1625	0.7937980890274048
1626	0.859266459941864
1627	0.9818949103355408
1628	0.8502320051193237
1629	0.7429212331771851
1630	0.7705633640289307
1631	0.6309040784835815
1632	0.6053621172904968
1633	0.9940704703330994
1634	0.8869552612304688
1635	0.8752325773239136
1636	0.976227879524231
1637	0.6398799419403076
1638	0.7444788217544556
1639	0.8584368824958801
1640	0.7092627882957458
1641	0.7487099170684814
1642	0.7027671933174133
1643	0.874478280544281
1644	1.186863660812378
1645	0.7923537492752075
1646	0.8600252866744995
1647	0.9870344400405884
1648	0.8460105061531067
1649	0.7400131225585938
1650	0.7714465856552124
1651	0.6348139047622681
1652	0.6006565690040588
1653	0.9920970797538757
1654	0.8721939325332642
1655	0.874731183052063
1656	0.9707908034324646
1657	0.6465368866920471
1658	0.7410764694213867
1659	0.8603549003601074
1660	0.7100388407707214
1661	0.7486386895179749
1662	0.6928448677062988
1663	0.8712067008018494
1664	1.1856759786605835
1665	0.7910524606704712
1666	0.866557240486145
1667	0.9774807095527649
1668	0.8454659581184387
1669	0.7437249422073364
1670	0.7742118239402771
1671	0.6251818537712097
1672	0.6134781837463379
1673	0.9954023361206055
1674	0.8682147264480591
1675	0.8788195848464966
1676	0.9717072248458862
1677	0.6365644931793213
1678	0.7475825548171997
1679	0.8615606427192688
1680	0.7065579295158386
1681	0.7498735189437866
1682	0.6966615319252014
1683	0.8715972900390625
1684	1.1899346113204956
1685	0.7894481420516968
1686	0.8565404415130615
1687	0.9737316966056824
1688	0.8414928913116455
1689	0.7407268285751343
1690	0.7637994885444641
1691	0.6205891370773315
1692	0.5986813902854919
1693	0.9939502477645874
1694	0.8746553659439087
1695	0.8679302930831909
1696	0.9705653190612793
1697	0.6363919973373413
1698	0.742357611656189
1699	0.8623390197753906
1700	0.7093262076377869
1701	0.7500783205032349
1702	0.7009304165840149
1703	0.8703433871269226
1704	1.1870231628417969
1705	0.7894993424415588
1706	0.8472067713737488
1707	0.9728506207466125
1708	0.8373963236808777
1709	0.7379101514816284
1710	0.7701476812362671
1711	0.6431024074554443
1712	0.6035593748092651
1713	0.9853277802467346
1714	0.8672347068786621
1715	0.8689287900924683
1716	0.9541979432106018
1717	0.6408898830413818
1718	0.7485889196395874
1719	0.8638109564781189
1720	0.7183336019515991
1721	0.7554640769958496
1722	0.7008160352706909
1723	0.8763498067855835
1724	1.1866095066070557
1725	0.7946751117706299
1726	0.8664660453796387
1727	0.9845050573348999
1728	0.8487117886543274
1729	0.7488333582878113
1730	0.7821519374847412
1731	0.6345935463905334
1732	0.6125887036323547
1733	1.0071074962615967
1734	0.8848044872283936
1735	0.8916324377059937
1736	0.9783761501312256
1737	0.6383332014083862
1738	0.7468698620796204
1739	0.8602330684661865
1740	0.7091113924980164
1741	0.7452491521835327
1742	0.6936359405517578
1743	0.8740925788879395
1744	1.191258430480957
1745	0.7924308180809021
1746	0.8703799247741699
1747	0.9735762476921082
1748	0.844291627407074
1749	0.7348950505256653
1750	0.7677179574966431
1751	0.6265279650688171
1752	0.610816478729248
1753	0.9971030354499817
1754	0.8725948333740234
1755	0.8845548033714294
1756	0.9662126898765564
1757	0.6368715167045593
1758	0.7486404180526733
1759	0.8410522937774658
1760	0.7148391008377075
1761	0.7616397738456726
1762	0.6963058710098267
1763	0.8753172159194946
1764	1.1896936893463135
1765	0.794672966003418
1766	0.861722469329834
1767	0.9737502932548523
1768	0.845345675945282
1769	0.7413595914840698
1770	0.7730032801628113
1771	0.6369196176528931
1772	0.6167185306549072
1773	0.9948149919509888
1774	0.8731777667999268
1775	0.8766447901725769
1776	0.9648932218551636
1777	0.6384308934211731
1778	0.753122091293335
1779	0.8641432523727417
1780	0.7093627452850342
1781	0.7509922981262207
1782	0.6960075497627258
1783	0.8705446720123291
1784	1.1860277652740479
1785	0.789310097694397
1786	0.8651620149612427
1787	0.9732728004455566
1788	0.8484264016151428
1789	0.7407230734825134
1790	0.775367021560669
1791	0.6324506998062134
1792	0.6060958504676819
1793	0.99839186668396
1794	0.8752704858779907
1795	0.8880446553230286
1796	0.9768391847610474
1797	0.6318732500076294
1798	0.7436189651489258
1799	0.8476012945175171
1800	0.7147765159606934
1801	0.7522596120834351
1802	0.6934370994567871
1803	0.8764209747314453
1804	1.1784602403640747
1805	0.7910661101341248
1806	0.874740719795227
1807	0.9793082475662231
1808	0.8494385480880737
1809	0.7415337562561035
1810	0.7711786031723022
1811	0.6225054264068604
1812	0.6235069036483765
1813	1.0044751167297363
1814	0.8789955377578735
1815	0.883529782295227
1816	0.9787027835845947
1817	0.6354523301124573
1818	0.7452924251556396
1819	0.8513720631599426
1820	0.7102073431015015
1821	0.7469789385795593
1822	0.6965489387512207
1823	0.8674562573432922
1824	1.18339204788208
1825	0.7859339118003845
1826	0.8642939329147339
1827	0.9694558382034302
1828	0.840599775314331
1829	0.7454729080200195
1830	0.7774718403816223
1831	0.6291965246200562
1832	0.6113488674163818
1833	0.9967105984687805
1834	0.8707631826400757
1835	0.8800619840621948
1836	0.9683399796485901
1837	0.630679726600647
1838	0.7388098835945129
1839	0.8614566326141357
1840	0.7074960470199585
1841	0.7436795234680176
1842	0.6943562626838684
1843	0.8717740774154663
1844	1.1891624927520752
1845	0.7921580076217651
1846	0.8624953031539917
1847	0.9739391803741455
1848	0.8425368666648865
1849	0.7475554943084717
1850	0.7721560001373291
1851	0.626335084438324
1852	0.6121606826782227
1853	0.9980907440185547
1854	0.8770719766616821
1855	0.8760898113250732
1856	0.9705816507339478
1857	0.6361488103866577
1858	0.746238112449646
1859	0.8586000204086304
1860	0.711331844329834
1861	0.748206615447998
1862	0.6994996666908264
1863	0.8744128942489624
1864	1.1908191442489624
1865	0.7956827878952026
1866	0.8709689378738403
1867	0.9748830795288086
1868	0.8428481817245483
1869	0.7380352020263672
1870	0.7708254456520081
1871	0.628907322883606
1872	0.6144424676895142
1873	1.0008995532989502
1874	0.872042179107666
1875	0.8788615465164185
1876	0.9608997106552124
1877	0.637420654296875
1878	0.7545234560966492
1879	0.8610605001449585
1880	0.7136892080307007
1881	0.7535080909729004
1882	0.7019261121749878
1883	0.8786895871162415
1884	1.1931865215301514
1885	0.7964180111885071
1886	0.8632475137710571
1887	0.9830536246299744
1888	0.8484484553337097
1889	0.7435352802276611
1890	0.7720130681991577
1891	0.6296885013580322
1892	0.608187198638916
1893	0.9938337802886963
1894	0.8828018307685852
1895	0.8805485963821411
1896	0.975857138633728
1897	0.6432506442070007
1898	0.7469817399978638
1899	0.8620632290840149
1900	0.7140253782272339
1901	0.7577092051506042
1902	0.7043156623840332
1903	0.8793888688087463
1904	1.1956710815429688
1905	0.7985765337944031
1906	0.8696516752243042
1907	0.9847025871276855
1908	0.8545946478843689
1909	0.737617015838623
1910	0.7756397724151611
1911	0.6355185508728027
1912	0.6074076890945435
1913	0.9959877133369446
1914	0.8788168430328369
1915	0.8809678554534912
1916	0.9790775775909424
1917	0.6506515741348267
1918	0.7487599849700928
1919	0.8678432703018188
1920	0.7130253314971924
1921	0.7538926601409912
1922	0.7004750370979309
1923	0.8806577920913696
1924	1.1974878311157227
1925	0.7993675470352173
1926	0.8673828840255737
1927	0.9829169511795044
1928	0.8553118705749512
1929	0.7497825026512146
1930	0.7749097943305969
1931	0.6312930583953857
1932	0.6057018637657166
1933	1.0013669729232788
1934	0.8876891136169434
1935	0.8829551339149475
1936	0.9824579954147339
1937	0.6398248672485352
1938	0.7540343403816223
1939	0.8657887578010559
1940	0.7143640518188477
1941	0.7544896006584167
1942	0.6968063116073608
1943	0.881328821182251
1944	1.1946344375610352
1945	0.8000074625015259
1946	0.8642415404319763
1947	0.9829326868057251
1948	0.8560630083084106
1949	0.7504173517227173
1950	0.7752193212509155
1951	0.6331111192703247
1952	0.6065666675567627
1953	1.0029542446136475
1954	0.8879708051681519
1955	0.8814550638198853
1956	0.9858353734016418
1957	0.6408169269561768
1958	0.7524004578590393
1959	0.862043559551239
1960	0.7182367444038391
1961	0.7610784769058228
1962	0.7031494975090027
1963	0.8728164434432983
1964	1.1956727504730225
1965	0.7985332012176514
1966	0.859310507774353
1967	0.984693706035614
1968	0.8475573658943176
1969	0.7535367012023926
1970	0.7882918119430542
1971	0.6365206241607666
1972	0.6144293546676636
1973	1.000406265258789
1974	0.8862256407737732
1975	0.8844296932220459
1976	0.9722502827644348
1977	0.6386648416519165
1978	0.7449721693992615
1979	0.875044584274292
1980	0.7099484205245972
1981	0.7494251728057861
1982	0.6941828727722168
1983	0.877771258354187
1984	1.1971852779388428
1985	0.7948535680770874
1986	0.8708865642547607
1987	0.9776872396469116
1988	0.8481794595718384
1989	0.7467986345291138
1990	0.7701305150985718
1991	0.6333999633789062
1992	0.610668420791626
1993	0.9982072710990906
1994	0.8770627379417419
1995	0.8730740547180176
1996	0.9777514934539795
1997	0.6417080163955688
1998	0.7540916800498962
1999	0.8624148964881897
2000	0.7132577896118164
2001	0.7569237947463989
2002	0.6974127292633057
2003	0.8895653486251831
2004	1.1957348585128784
2005	0.8051625490188599
2006	0.8652763366699219
2007	0.9874613285064697
2008	0.8575160503387451
2009	0.7537906169891357
2010	0.7773498296737671
2011	0.6416932940483093
2012	0.6131017208099365
2013	1.0080617666244507
2014	0.8873212933540344
2015	0.8804975152015686
2016	0.9899625778198242
2017	0.6400394439697266
2018	0.7598755955696106
2019	0.8672640323638916
2020	0.7061905860900879
2021	0.7495485544204712
2022	0.6949918866157532
2023	0.874873697757721
2024	1.1950147151947021
2025	0.794903039932251
2026	0.8755072355270386
2027	0.9754590392112732
2028	0.8491261005401611
2029	0.7397891283035278
2030	0.767000675201416
2031	0.6337500810623169
2032	0.611714243888855
2033	0.9952616691589355
2034	0.8732351064682007
2035	0.8828103542327881
2036	0.973036527633667
2037	0.6372674703598022
2038	0.7560920119285583
2039	0.8494884371757507
2040	0.7117108106613159
2041	0.7539006471633911
2042	0.6980190277099609
2043	0.8783227205276489
2044	1.2017661333084106
2045	0.7991054058074951
2046	0.8724290132522583
2047	0.9794487357139587
2048	0.8487130403518677
2049	0.7512968182563782
2050	0.7760409116744995
2051	0.6295778751373291
2052	0.6114715337753296
2053	1.0013551712036133
2054	0.8793554306030273
2055	0.8920257687568665
2056	0.9801399111747742
2057	0.637965977191925
2058	0.7537711262702942
2059	0.8647339940071106
2060	0.7161927223205566
2061	0.7544142603874207
2062	0.6983122825622559
2063	0.8768130540847778
2064	1.2008459568023682
2065	0.7948523759841919
2066	0.8668225407600403
2067	0.9784737229347229
2068	0.8466719388961792
2069	0.7534840106964111
2070	0.7794942855834961
2071	0.6374597549438477
2072	0.6087953448295593
2073	1.005791187286377
2074	0.8852167129516602
2075	0.8793294429779053
2076	0.9686416983604431
2077	0.6379903554916382
2078	0.7538106441497803
2079	0.8772579431533813
2080	0.7117615342140198
2081	0.7503819465637207
2082	0.6976483464241028
2083	0.8766396641731262
2084	1.1876393556594849
2085	0.7926380634307861
2086	0.8786978721618652
2087	0.977337121963501
2088	0.8478848934173584
2089	0.743490993976593
2090	0.7754511833190918
2091	0.6349295377731323
2092	0.6140604615211487
2093	0.9993983507156372
2094	0.8686445355415344
2095	0.8809754252433777
2096	0.9712052941322327
2097	0.6401467323303223
2098	0.7515245676040649
2099	0.8711791634559631
2100	0.7151538729667664
2101	0.7512272596359253
2102	0.7010043859481812
2103	0.8745675086975098
2104	1.2015101909637451
2105	0.79413241147995
2106	0.8895869255065918
2107	0.984767496585846
2108	0.8512246608734131
2109	0.7427016496658325
2110	0.7798452973365784
2111	0.6369788646697998
2112	0.6151193976402283
2113	1.0017597675323486
2114	0.8780827522277832
2115	0.8811719417572021
2116	0.9709604382514954
2117	0.6492315530776978
2118	0.7505981922149658
2119	0.8769578337669373
2120	0.7162688970565796
2121	0.7591928839683533
2122	0.700660765171051
2123	0.8812028765678406
2124	1.204665184020996
2125	0.7986950874328613
2126	0.8758761882781982
2127	0.9834091663360596
2128	0.8523163795471191
2129	0.751158595085144
2130	0.7765390276908875
2131	0.6323267221450806
2132	0.6169540286064148
2133	1.00758695602417
2134	0.8793118000030518
2135	0.8903653025627136
2136	0.9835317134857178
2137	0.6449683904647827
2138	0.7556836605072021
2139	0.8701042532920837
2140	0.7157700061798096
2141	0.7543169856071472
2142	0.6935700178146362
2143	0.8724697828292847
2144	1.1991206407546997
2145	0.792820155620575
2146	0.883368194103241
2147	0.9791714549064636
2148	0.8493649959564209
2149	0.7476649880409241
2150	0.7770754098892212
2151	0.6261335015296936
2152	0.6247255206108093
2153	1.0032143592834473
2154	0.8768126964569092
2155	0.8909972906112671
2156	0.972878634929657
2157	0.6319929957389832
2158	0.7534047365188599
2159	0.8627617955207825
2160	0.7085896730422974
2161	0.752719521522522
2162	0.7001222372055054
2163	0.8812126517295837
2164	1.1844844818115234
2165	0.7963978052139282
2166	0.8649004101753235
2167	0.9797727465629578
2168	0.8420203924179077
2169	0.7414111495018005
2170	0.7714243531227112
2171	0.6373045444488525
2172	0.6151682138442993
2173	0.9903489947319031
2174	0.8673936724662781
2175	0.8785503506660461
2176	0.9677741527557373
2177	0.6435746550559998
2178	0.7541393041610718
2179	0.8613640069961548
2180	0.7102069854736328
2181	0.7536249160766602
2182	0.7016432881355286
2183	0.8759959936141968
2184	1.2062995433807373
2185	0.7981563806533813
2186	0.8682928085327148
2187	0.9885043501853943
2188	0.84581059217453
2189	0.7488510608673096
2190	0.7757471799850464
2191	0.6277951598167419
2192	0.611085832118988
2193	1.0055749416351318
2194	0.8923466801643372
2195	0.8839516639709473
2196	0.9743813276290894
2197	0.6372452974319458
2198	0.7520267367362976
2199	0.8597077131271362
2200	0.7150121927261353
2201	0.7496534585952759
2202	0.6968019008636475
2203	0.88539719581604
2204	1.1963469982147217
2205	0.8011430501937866
2206	0.8727501034736633
2207	0.9829803109169006
2208	0.8569363355636597
2209	0.7490106225013733
2210	0.7697882056236267
2211	0.6250530481338501
2212	0.6160732507705688
2213	1.0086309909820557
2214	0.8903156518936157
2215	0.8839775919914246
2216	0.9862949252128601
2217	0.637471079826355
2218	0.7601839303970337
2219	0.8613429665565491
2220	0.7174292802810669
2221	0.7596524953842163
2222	0.7021006345748901
2223	0.883330225944519
2224	1.190040946006775
2225	0.8008607625961304
2226	0.871823787689209
2227	0.9851276874542236
2228	0.8532739877700806
2229	0.7484692335128784
2230	0.7839231491088867
2231	0.636227011680603
2232	0.6203456521034241
2233	1.0025408267974854
2234	0.8822407126426697
2235	0.8832149505615234
2236	0.9869773983955383
2237	0.648939847946167
2238	0.753018856048584
2239	0.871261477470398
2240	0.710246205329895
2241	0.7500814199447632
2242	0.7020810842514038
2243	0.8838305473327637
2244	1.1873438358306885
2245	0.8036656379699707
2246	0.8558162450790405
2247	0.9815438389778137
2248	0.8501075506210327
2249	0.7482720613479614
2250	0.7742958664894104
2251	0.6395075917243958
2252	0.6069879531860352
2253	1.0020344257354736
2254	0.87703537940979
2255	0.882455587387085
2256	0.9794018268585205
2257	0.6425343155860901
2258	0.7530806064605713
2259	0.8652381300926208
2260	0.7122681140899658
2261	0.7521428465843201
2262	0.7067751288414001
2263	0.8810562491416931
2264	1.18668532371521
2265	0.800215482711792
2266	0.8642780780792236
2267	0.9864543676376343
2268	0.8499559164047241
2269	0.7385849952697754
2270	0.7836107015609741
2271	0.6411982774734497
2272	0.6089988946914673
2273	0.9991151094436646
2274	0.8770963549613953
2275	0.882483184337616
2276	0.9728673696517944
2277	0.6458600759506226
2278	0.7469188570976257
2279	0.8666810989379883
2280	0.7083051204681396
2281	0.7498003244400024
2282	0.703529953956604
2283	0.8736230134963989
2284	1.1970263719558716
2285	0.7946445941925049
2286	0.8645387291908264
2287	0.9805284738540649
2288	0.8441466689109802
2289	0.7459603548049927
2290	0.77913498878479
2291	0.6368250250816345
2292	0.611764669418335
2293	0.9997879266738892
2294	0.8740203380584717
2295	0.8810823559761047
2296	0.9694337844848633
2297	0.639514684677124
2298	0.7496745586395264
2299	0.8634888529777527
2300	0.7152456045150757
2301	0.7522467374801636
2302	0.7106696963310242
2303	0.8893142342567444
2304	1.2005643844604492
2305	0.8126083612442017
2306	0.8797479867935181
2307	0.993045449256897
2308	0.8575334548950195
2309	0.7454566359519958
2310	0.7752668261528015
2311	0.6369762420654297
2312	0.6108013391494751
2313	1.0167710781097412
2314	0.8900646567344666
2315	0.8796916604042053
2316	0.9825817942619324
2317	0.6513777375221252
2318	0.7586478590965271
2319	0.8734087347984314
2320	0.7155075073242188
2321	0.7528225779533386
2322	0.7022062540054321
2323	0.8762049078941345
2324	1.191558837890625
2325	0.7939670085906982
2326	0.8770837187767029
2327	0.983299195766449
2328	0.848283052444458
2329	0.7429475784301758
2330	0.7758548259735107
2331	0.6292489171028137
2332	0.6219267845153809
2333	1.005655288696289
2334	0.878860354423523
2335	0.8790039420127869
2336	0.9680726528167725
2337	0.6423527598381042
2338	0.7491718530654907
2339	0.8635058403015137
2340	0.7104566097259521
2341	0.749675989151001
2342	0.7004534006118774
2343	0.8823790550231934
2344	1.192516803741455
2345	0.793954074382782
2346	0.8760050535202026
2347	0.9843266606330872
2348	0.8452187776565552
2349	0.743104875087738
2350	0.7706280946731567
2351	0.6249761581420898
2352	0.6189761161804199
2353	0.9996074438095093
2354	0.8782042264938354
2355	0.8867502212524414
2356	0.9716919660568237
2357	0.6387642621994019
2358	0.753531813621521
2359	0.8513860702514648
2360	0.7156807780265808
2361	0.7602009773254395
2362	0.7009912729263306
2363	0.8825873136520386
2364	1.1912853717803955
2365	0.7990494966506958
2366	0.8641417026519775
2367	0.9855935573577881
2368	0.8525199890136719
2369	0.747772753238678
2370	0.7786626219749451
2371	0.6435483694076538
2372	0.61479651927948
2373	0.9993836879730225
2374	0.8815112709999084
2375	0.8893768787384033
2376	0.9787402153015137
2377	0.6405894756317139
2378	0.7574403882026672
2379	0.8595032095909119
2380	0.7126883268356323
2381	0.7561031579971313
2382	0.6972731947898865
2383	0.8858579397201538
2384	1.194312334060669
2385	0.8033046126365662
2386	0.8722380995750427
2387	0.978973388671875
2388	0.8584685325622559
2389	0.7498313188552856
2390	0.7708926796913147
2391	0.6330724954605103
2392	0.6147502064704895
2393	1.0064173936843872
2394	0.8814244270324707
2395	0.8874755501747131
2396	0.9900913238525391
2397	0.6371830701828003
2398	0.7618287205696106
2399	0.8672804832458496
2400	0.7107529640197754
2401	0.7516562938690186
2402	0.7062017917633057
2403	0.8872852921485901
2404	1.1881500482559204
2405	0.8063446283340454
2406	0.8624714016914368
2407	0.9844639897346497
2408	0.8474785089492798
2409	0.7476334571838379
2410	0.7730157375335693
2411	0.6406162977218628
2412	0.6191126108169556
2413	1.0051015615463257
2414	0.8731455206871033
2415	0.8809307217597961
2416	0.9757124185562134
2417	0.6403180360794067
2418	0.7635655403137207
2419	0.8636156916618347
2420	0.7153550386428833
2421	0.7515933513641357
2422	0.6960914134979248
2423	0.8791974782943726
2424	1.1921018362045288
2425	0.7949780821800232
2426	0.8743530511856079
2427	0.9844465255737305
2428	0.8485980033874512
2429	0.7566038370132446
2430	0.7802872061729431
2431	0.6305760741233826
2432	0.6182019114494324
2433	1.0165033340454102
2434	0.8851136565208435
2435	0.8870868682861328
2436	0.9790548086166382
2437	0.6297566294670105
2438	0.7556827068328857
2439	0.8594343662261963
2440	0.710557758808136
2441	0.7616156339645386
2442	0.7005080580711365
2443	0.8814218044281006
2444	1.1981360912322998
2445	0.8016372323036194
2446	0.8698920011520386
2447	0.9843877553939819
2448	0.8572835922241211
2449	0.7459934949874878
2450	0.7755899429321289
2451	0.6338227987289429
2452	0.6075669527053833
2453	1.0049241781234741
2454	0.8872077465057373
2455	0.883458137512207
2456	0.9865565299987793
2457	0.6396019458770752
2458	0.7533119916915894
2459	0.8662992119789124
2460	0.7152230143547058
2461	0.7534301280975342
2462	0.7001256346702576
2463	0.8805885314941406
2464	1.1975924968719482
2465	0.7974287271499634
2466	0.8765673041343689
2467	0.9872885942459106
2468	0.8521431088447571
2469	0.7493573427200317
2470	0.7760134935379028
2471	0.630913496017456
2472	0.6188406944274902
2473	1.0041942596435547
2474	0.8839036226272583
2475	0.8793584108352661
2476	0.9740659594535828
2477	0.6412550210952759
2478	0.753920316696167
2479	0.8656395077705383
2480	0.7154967784881592
2481	0.755569338798523
2482	0.7087482810020447
2483	0.8796343803405762
2484	1.1954748630523682
2485	0.8030787706375122
2486	0.8622472286224365
2487	0.9909580945968628
2488	0.8469791412353516
2489	0.7522127628326416
2490	0.7794072031974792
2491	0.634392499923706
2492	0.6192168593406677
2493	1.0031473636627197
2494	0.8870294094085693
2495	0.885037899017334
2496	0.977023184299469
2497	0.641781210899353
2498	0.7552335858345032
2499	0.8624722957611084
2500	0.7135396003723145
2501	0.7548208236694336
2502	0.702262282371521
2503	0.8885924816131592
2504	1.1956923007965088
2505	0.8016057014465332
2506	0.8703882098197937
2507	0.9821140766143799
2508	0.8533422946929932
2509	0.7466510534286499
2510	0.7744328379631042
2511	0.6350069046020508
2512	0.6165082454681396
2513	1.0084044933319092
2514	0.8775178790092468
2515	0.8905173540115356
2516	0.9787471294403076
2517	0.6371625661849976
2518	0.7603867053985596
2519	0.8722944855690002
2520	0.7149922847747803
2521	0.7534033060073853
2522	0.6965306997299194
2523	0.8794076442718506
2524	1.195791244506836
2525	0.7939430475234985
2526	0.8755691051483154
2527	0.9838867783546448
2528	0.8548169136047363
2529	0.7457822561264038
2530	0.770621657371521
2531	0.627142608165741
2532	0.6148049235343933
2533	1.0036979913711548
2534	0.8828588128089905
2535	0.8817393779754639
2536	0.9781520366668701
2537	0.6344650387763977
2538	0.7559672594070435
2539	0.8644748330116272
2540	0.708488404750824
2541	0.7527721524238586
2542	0.6969614028930664
2543	0.8750624060630798
2544	1.1896570920944214
2545	0.7928915619850159
2546	0.8671807050704956
2547	0.9802826642990112
2548	0.8458712100982666
2549	0.7403478026390076
2550	0.7676925659179688
2551	0.624687135219574
2552	0.606731653213501
2553	0.9979421496391296
2554	0.8839620351791382
2555	0.8820589780807495
2556	0.9694576859474182
2557	0.6367652416229248
2558	0.7482770681381226
2559	0.860427737236023
2560	0.7174924612045288
2561	0.7585947513580322
2562	0.7089439034461975
2563	0.8794649839401245
2564	1.2082440853118896
2565	0.8019610047340393
2566	0.8750607967376709
2567	0.98382568359375
2568	0.8499131202697754
2569	0.7453382015228271
2570	0.7741177082061768
2571	0.6420748233795166
2572	0.6161870956420898
2573	1.0024945735931396
2574	0.8737468123435974
2575	0.8876507878303528
2576	0.9686410427093506
2577	0.6476433277130127
2578	0.7631096243858337
2579	0.8844925761222839
2580	0.7112274765968323
2581	0.7546674013137817
2582	0.706305980682373
2583	0.8823224902153015
2584	1.196199655532837
2585	0.8001247644424438
2586	0.8710641860961914
2587	0.9828201532363892
2588	0.8482658863067627
2589	0.7455110549926758
2590	0.7717271447181702
2591	0.6335783004760742
2592	0.6155025959014893
2593	1.000562071800232
2594	0.8777199387550354
2595	0.8830087184906006
2596	0.9733180999755859
2597	0.6393721699714661
2598	0.7617716193199158
2599	0.8630006313323975
2600	0.713232159614563
2601	0.7500682473182678
2602	0.7057408094406128
2603	0.8753641247749329
2604	1.1908822059631348
2605	0.7958706617355347
2606	0.8749856948852539
2607	0.9930160641670227
2608	0.8460411429405212
2609	0.7429872751235962
2610	0.7789372801780701
2611	0.6310559511184692
2612	0.621454656124115
2613	0.9958823919296265
2614	0.87820965051651
2615	0.8832780122756958
2616	0.9746407866477966
2617	0.6463956236839294
2618	0.7498606443405151
2619	0.8488758206367493
2620	0.7174476385116577
2621	0.758608341217041
2622	0.706666886806488
2623	0.8899846076965332
2624	1.1892213821411133
2625	0.8060375452041626
2626	0.8652570843696594
2627	0.989749550819397
2628	0.8512954711914062
2629	0.7525871992111206
2630	0.779973566532135
2631	0.6363880634307861
2632	0.6184558272361755
2633	1.004157543182373
2634	0.8842669725418091
2635	0.888850748538971
2636	0.9839640259742737
2637	0.644012451171875
2638	0.7567372918128967
2639	0.8677866458892822
2640	0.7165204286575317
2641	0.7516953349113464
2642	0.704063892364502
2643	0.8823683261871338
2644	1.1907721757888794
2645	0.8011173009872437
2646	0.8748965263366699
2647	0.9837679266929626
2648	0.8485252857208252
2649	0.7467496395111084
2650	0.7848395705223083
2651	0.6413042545318604
2652	0.6247096657752991
2653	1.0055572986602783
2654	0.8730525970458984
2655	0.886961817741394
2656	0.9689671993255615
2657	0.6426163911819458
2658	0.760806679725647
2659	0.8667671084403992
2660	0.7157276272773743
2661	0.754862368106842
2662	0.7102203369140625
2663	0.8829665184020996
2664	1.1902738809585571
2665	0.8022534251213074
2666	0.8643320798873901
2667	0.9898272752761841
2668	0.8451433777809143
2669	0.7462363243103027
2670	0.7775658369064331
2671	0.6310614347457886
2672	0.616384744644165
2673	1.0023877620697021
2674	0.8815217018127441
2675	0.8885229825973511
2676	0.9749119281768799
2677	0.6407901048660278
2678	0.7506839036941528
2679	0.8616500496864319
2680	0.7138381004333496
2681	0.7552615404129028
2682	0.6972000002861023
2683	0.8792314529418945
2684	1.1929688453674316
2685	0.7944122552871704
2686	0.8840136528015137
2687	0.9791668653488159
2688	0.8539117574691772
2689	0.7451765537261963
2690	0.7785898447036743
2691	0.631284236907959
2692	0.6200028657913208
2693	1.002967119216919
2694	0.8790910243988037
2695	0.8909669518470764
2696	0.983558714389801
2697	0.6409031748771667
2698	0.7553023099899292
2699	0.8581873774528503
2700	0.7143145799636841
2701	0.757818877696991
2702	0.7071101665496826
2703	0.8849066495895386
2704	1.2070010900497437
2705	0.8047709465026855
2706	0.8672381639480591
2707	0.9856283068656921
2708	0.8506152033805847
2709	0.7536251544952393
2710	0.771291971206665
2711	0.6298205852508545
2712	0.6123722195625305
2713	1.0079083442687988
2714	0.8851050734519958
2715	0.8867737650871277
2716	0.9778261184692383
2717	0.6386051177978516
2718	0.7586129903793335
2719	0.8732484579086304
2720	0.7148522138595581
2721	0.7556730508804321
2722	0.699416995048523
2723	0.8849226832389832
2724	1.193000316619873
2725	0.798916757106781
2726	0.8753204941749573
2727	0.9867011308670044
2728	0.8552616834640503
2729	0.7418128848075867
2730	0.7739957571029663
2731	0.6283035278320312
2732	0.6171391606330872
2733	0.9995602965354919
2734	0.8898085951805115
2735	0.8817210793495178
2736	0.9802678227424622
2737	0.6443071365356445
2738	0.7576905488967896
2739	0.8619660139083862
2740	0.7114721536636353
2741	0.7528063654899597
2742	0.7010113596916199
2743	0.8786365389823914
2744	1.1964199542999268
2745	0.7987329363822937
2746	0.8682242035865784
2747	0.9835400581359863
2748	0.8457924127578735
2749	0.7496111989021301
2750	0.7729255557060242
2751	0.6347445249557495
2752	0.6186257600784302
2753	1.001678466796875
2754	0.8782486915588379
2755	0.8826442956924438
2756	0.9686318635940552
2757	0.6426619291305542
2758	0.7610949873924255
2759	0.854510486125946
2760	0.7078918218612671
2761	0.7508866786956787
2762	0.7032909393310547
2763	0.8708702921867371
2764	1.2006900310516357
2765	0.7968047857284546
2766	0.8707667589187622
2767	0.9808398485183716
2768	0.8369660377502441
2769	0.7445818781852722
2770	0.7754026651382446
2771	0.6283017992973328
2772	0.6206012964248657
2773	0.9960546493530273
2774	0.8714121580123901
2775	0.8865567445755005
2776	0.9620879292488098
2777	0.640544056892395
2778	0.752692699432373
2779	0.8609188795089722
2780	0.7132598161697388
2781	0.7574489116668701
2782	0.7039800882339478
2783	0.878980278968811
2784	1.1995835304260254
2785	0.800079345703125
2786	0.8657125234603882
2787	0.9888620376586914
2788	0.84839928150177
2789	0.7505615949630737
2790	0.7794480919837952
2791	0.6302585005760193
2792	0.6116197109222412
2793	1.011245846748352
2794	0.8864918351173401
2795	0.8841083645820618
2796	0.9760274887084961
2797	0.6406590938568115
2798	0.7491952776908875
2799	0.8720241785049438
2800	0.7159300446510315
2801	0.7549029588699341
2802	0.706701934337616
2803	0.8820701837539673
2804	1.1974337100982666
2805	0.8032919764518738
2806	0.8672678470611572
2807	0.9861987829208374
2808	0.849097728729248
2809	0.751113772392273
2810	0.7813022136688232
2811	0.6379352807998657
2812	0.6150993704795837
2813	1.0065605640411377
2814	0.8801097869873047
2815	0.8893167972564697
2816	0.9793109893798828
2817	0.6443157196044922
2818	0.7556089162826538
2819	0.8676210641860962
2820	0.7138669490814209
2821	0.7544596195220947
2822	0.7048654556274414
2823	0.8788955211639404
2824	1.1961307525634766
2825	0.8005130290985107
2826	0.8671764135360718
2827	0.9827362298965454
2828	0.8490986824035645
2829	0.7513992786407471
2830	0.7766516804695129
2831	0.6287524700164795
2832	0.6179325580596924
2833	1.007335901260376
2834	0.8825552463531494
2835	0.8862576484680176
2836	0.9752625226974487
2837	0.6406878232955933
2838	0.7499909400939941
2839	0.8701031804084778
2840	0.7162325382232666
2841	0.7548272013664246
2842	0.7016630172729492
2843	0.8809635043144226
2844	1.198695182800293
2845	0.798524022102356
2846	0.875363826751709
2847	0.9839273691177368
2848	0.8467336893081665
2849	0.7490843534469604
2850	0.7770860195159912
2851	0.6321853399276733
2852	0.6247463822364807
2853	1.0035828351974487
2854	0.8748481273651123
2855	0.8975081443786621
2856	0.9706051349639893
2857	0.63671875
2858	0.7569642663002014
2859	0.8705694079399109
2860	0.714866578578949
2861	0.7628303170204163
2862	0.7009398341178894
2863	0.8922107219696045
2864	1.2042902708053589
2865	0.8038015365600586
2866	0.8681122064590454
2867	0.9864226579666138
2868	0.8544678688049316
2869	0.7614083290100098
2870	0.7788726091384888
2871	0.6363304853439331
2872	0.6200146675109863
2873	1.012473225593567
2874	0.887938380241394
2875	0.8948457837104797
2876	0.983410656452179
2877	0.6351949572563171
2878	0.7701760530471802
2879	0.8651142120361328
2880	0.7117385864257812
2881	0.7533742189407349
2882	0.7017372846603394
2883	0.8823328018188477
2884	1.2040400505065918
2885	0.7956217527389526
2886	0.8760706186294556
2887	0.9894055724143982
2888	0.8499377369880676
2889	0.7517685890197754
2890	0.7783931493759155
2891	0.6315918564796448
2892	0.6187409162521362
2893	1.0011340379714966
2894	0.8778650760650635
2895	0.8900615572929382
2896	0.9779488444328308
2897	0.6435014009475708
2898	0.7548529505729675
2899	0.8600546717643738
2900	0.7170737981796265
2901	0.7586867809295654
2902	0.709519624710083
2903	0.8908120393753052
2904	1.196399450302124
2905	0.8052599430084229
2906	0.8675912618637085
2907	0.9992687702178955
2908	0.8533039093017578
2909	0.7503800392150879
2910	0.7784407734870911
2911	0.6383070945739746
2912	0.6139512062072754
2913	1.0065842866897583
2914	0.8936466574668884
2915	0.8848022222518921
2916	0.9808398485183716
2917	0.6472628116607666
2918	0.7575488090515137
2919	0.8578381538391113
2920	0.7181360721588135
2921	0.7547140121459961
2922	0.7074231505393982
2923	0.8848034143447876
2924	1.1953392028808594
2925	0.803840696811676
2926	0.8692378997802734
2927	0.9881024360656738
2928	0.8479185104370117
2929	0.7524709105491638
2930	0.7800254821777344
2931	0.6375586986541748
2932	0.6176799535751343
2933	1.0049536228179932
2934	0.8797805309295654
2935	0.8916052579879761
2936	0.9748889207839966
2937	0.6423802375793457
2938	0.7565232515335083
2939	0.8718329668045044
2940	0.7207861542701721
2941	0.7598586082458496
2942	0.7019326686859131
2943	0.8769838213920593
2944	1.1967123746871948
2945	0.7950383424758911
2946	0.8651200532913208
2947	0.9871811270713806
2948	0.8521537780761719
2949	0.7494446635246277
2950	0.7875303626060486
2951	0.6426031589508057
2952	0.6149740219116211
2953	1.00458562374115
2954	0.8833043575286865
2955	0.8836327195167542
2956	0.9816561937332153
2957	0.6457065343856812
2958	0.7494114637374878
2959	0.8739035129547119
2960	0.715754508972168
2961	0.7623306512832642
2962	0.7047088146209717
2963	0.8789091110229492
2964	1.2116053104400635
2965	0.7967188358306885
2966	0.8845471143722534
2967	0.9890477061271667
2968	0.8506536483764648
2969	0.7498011589050293
2970	0.7847219705581665
2971	0.6342642903327942
2972	0.6286317110061646
2973	1.003270149230957
2974	0.8784428834915161
2975	0.8993837833404541
2976	0.9738470911979675
2977	0.643704891204834
2978	0.7564327716827393
2979	0.8715788722038269
2980	0.7219431400299072
2981	0.7581675052642822
2982	0.7040475010871887
2983	0.8835493326187134
2984	1.1921800374984741
2985	0.8009495139122009
2986	0.8702065944671631
2987	0.9836775660514832
2988	0.8511707782745361
2989	0.7499185800552368
2990	0.7765229344367981
2991	0.6272368431091309
2992	0.6170012950897217
2993	1.0049052238464355
2994	0.8880804777145386
2995	0.8841453790664673
2996	0.9818837642669678
2997	0.6431874632835388
2998	0.7525866031646729
2999	0.8829441070556641
3000	0.7128915786743164
3001	0.7543211579322815
3002	0.7029956579208374
3003	0.8821236491203308
3004	1.2012786865234375
3005	0.7968019247055054
3006	0.880648136138916
3007	0.9863491654396057
3008	0.8544597625732422
3009	0.7481150031089783
3010	0.770447313785553
3011	0.6300235986709595
3012	0.6125410795211792
3013	1.0102286338806152
3014	0.888259768486023
3015	0.8888592720031738
3016	0.9809074997901917
3017	0.6421809196472168
3018	0.7598557472229004
3019	0.8614036440849304
3020	0.7113406658172607
3021	0.7513936758041382
3022	0.7023657560348511
3023	0.881424069404602
3024	1.1890006065368652
3025	0.7981987595558167
3026	0.8602647185325623
3027	0.9808343052864075
3028	0.843338131904602
3029	0.7488198280334473
3030	0.778325080871582
3031	0.6433968544006348
3032	0.6064976453781128
3033	0.9986919164657593
3034	0.8728266358375549
3035	0.8881519436836243
3036	0.9745656251907349
3037	0.6419486403465271
3038	0.7549858689308167
3039	0.8667434453964233
3040	0.7148362398147583
3041	0.7557702660560608
3042	0.7009289860725403
3043	0.8853874206542969
3044	1.1994284391403198
3045	0.8038316369056702
3046	0.8666396141052246
3047	0.987551748752594
3048	0.8495519161224365
3049	0.7491185665130615
3050	0.7754870653152466
3051	0.635606050491333
3052	0.61780846118927
3053	1.0021772384643555
3054	0.8801389336585999
3055	0.8887099027633667
3056	0.9769083857536316
3057	0.6432175636291504
3058	0.7623541355133057
3059	0.8674960136413574
3060	0.7189040184020996
3061	0.7552715539932251
3062	0.70554119348526
3063	0.8884789347648621
3064	1.1852002143859863
3065	0.8024145364761353
3066	0.8642526865005493
3067	0.9913932085037231
3068	0.8534747362136841
3069	0.757949709892273
3070	0.7846493721008301
3071	0.6470493078231812
3072	0.6212707161903381
3073	0.9990745782852173
3074	0.8781423568725586
3075	0.8908946514129639
3076	0.9898955821990967
3077	0.649832010269165
3078	0.7598203420639038
3079	0.8625503182411194
3080	0.7129690647125244
3081	0.7570636868476868
3082	0.7049728631973267
3083	0.8864753246307373
3084	1.19065523147583
3085	0.8074948191642761
3086	0.8617408275604248
3087	0.9869629144668579
3088	0.8498455286026001
3089	0.7461341619491577
3090	0.7737430334091187
3091	0.6358633637428284
3092	0.6112731695175171
3093	1.0025012493133545
3094	0.8811177015304565
3095	0.8850021958351135
3096	0.9833147525787354
3097	0.6444556713104248
3098	0.7582105398178101
3099	0.8628591895103455
3100	0.7160959243774414
3101	0.7590180039405823
3102	0.7077997922897339
3103	0.8856922388076782
3104	1.2071130275726318
3105	0.8038565516471863
3106	0.8734362721443176
3107	0.9929874539375305
3108	0.85589200258255
3109	0.752517580986023
3110	0.7771917581558228
3111	0.6323013305664062
3112	0.6112395524978638
3113	1.0096874237060547
3114	0.8956459164619446
3115	0.8928540349006653
3116	0.9844754934310913
3117	0.6470388174057007
3118	0.7589547634124756
3119	0.865848958492279
3120	0.7175388932228088
3121	0.7522261142730713
3122	0.7015418410301208
3123	0.8842056393623352
3124	1.1896402835845947
3125	0.8026746511459351
3126	0.8702372312545776
3127	0.9841485023498535
3128	0.8545070290565491
3129	0.746699333190918
3130	0.7754449844360352
3131	0.6341123580932617
3132	0.6138778924942017
3133	1.0061945915222168
3134	0.8861592411994934
3135	0.8776742219924927
3136	0.9824479818344116
3137	0.64737468957901
3138	0.7531918883323669
3139	0.8658859133720398
3140	0.713901162147522
3141	0.7539821863174438
3142	0.7018003463745117
3143	0.8845703601837158
3144	1.1991913318634033
3145	0.8048074245452881
3146	0.8732049465179443
3147	0.9875112175941467
3148	0.8539211750030518
3149	0.7442604303359985
3150	0.769554853439331
3151	0.6277134418487549
3152	0.6154158115386963
3153	1.0017324686050415
3154	0.8845762014389038
3155	0.8901524543762207
3156	0.9867847561836243
3157	0.6412231922149658
3158	0.7552382946014404
3159	0.857093095779419
3160	0.7216130495071411
3161	0.7640032172203064
3162	0.7078769207000732
3163	0.8824959993362427
3164	1.2202547788619995
3165	0.8074294924736023
3166	0.8831254243850708
3167	0.9920042753219604
3168	0.8606797456741333
3169	0.7493997812271118
3170	0.783126950263977
3171	0.634905219078064
3172	0.6158713698387146
3173	1.019993543624878
3174	0.8997176289558411
3175	0.8947049975395203
3176	0.9808235168457031
3177	0.6485242247581482
3178	0.7628480195999146
3179	0.8768941760063171
3180	0.7140425443649292
3181	0.758084774017334
3182	0.7049972414970398
3183	0.8826574683189392
3184	1.1975321769714355
3185	0.7965717315673828
3186	0.8748440742492676
3187	0.9892174005508423
3188	0.8528980612754822
3189	0.7443459630012512
3190	0.7758784294128418
3191	0.6377065777778625
3192	0.6091113090515137
3193	1.004668951034546
3194	0.8844897150993347
3195	0.8890042304992676
3196	0.9816975593566895
3197	0.6467047333717346
3198	0.7527140974998474
3199	0.8584088683128357
3200	0.7145063281059265
3201	0.756792426109314
3202	0.7055847644805908
3203	0.890030562877655
3204	1.2030242681503296
3205	0.8044632077217102
3206	0.875188946723938
3207	0.9948348999023438
3208	0.8561534285545349
3209	0.7526180148124695
3210	0.776853084564209
3211	0.6310106515884399
3212	0.6213740110397339
3213	1.0071790218353271
3214	0.8880710601806641
3215	0.8876141905784607
3216	0.9860410094261169
3217	0.6441550254821777
3218	0.7636290788650513
3219	0.8567366003990173
3220	0.7154591083526611
3221	0.7551655769348145
3222	0.7135298848152161
3223	0.8902229070663452
3224	1.194787859916687
3225	0.8100868463516235
3226	0.8683425188064575
3227	0.9914731383323669
3228	0.8463641405105591
3229	0.7478424906730652
3230	0.7792969942092896
3231	0.6471046209335327
3232	0.6190184354782104
3233	1.0023269653320312
3234	0.8732264041900635
3235	0.8909895420074463
3236	0.9746529459953308
3237	0.6499592065811157
3238	0.7648681402206421
3239	0.8639916777610779
3240	0.7136270999908447
3241	0.7550144791603088
3242	0.7045983672142029
3243	0.882574200630188
3244	1.1939318180084229
3245	0.8044285774230957
3246	0.8651449680328369
3247	0.9835523366928101
3248	0.8485355377197266
3249	0.7484086751937866
3250	0.7731413841247559
3251	0.6360720992088318
3252	0.6177200078964233
3253	1.0042707920074463
3254	0.8833315968513489
3255	0.8793544173240662
3256	0.974053144454956
3257	0.6438388824462891
3258	0.76197749376297
3259	0.8570832014083862
3260	0.715274453163147
3261	0.7590382695198059
3262	0.6980177164077759
3263	0.888156533241272
3264	1.1901041269302368
3265	0.8038864135742188
3266	0.8774496912956238
3267	0.9783030152320862
3268	0.8542608022689819
3269	0.7457385063171387
3270	0.7733124494552612
3271	0.6371908187866211
3272	0.6239035129547119
3273	1.008357286453247
3274	0.8761060237884521
3275	0.8838103413581848
3276	0.9829283356666565
3277	0.6418982744216919
3278	0.7638905048370361
3279	0.870578408241272
3280	0.7127385139465332
3281	0.7564891576766968
3282	0.6986628770828247
3283	0.8800790309906006
3284	1.1952022314071655
3285	0.798796534538269
3286	0.8736841678619385
3287	0.9818156957626343
3288	0.8523204326629639
3289	0.746863603591919
3290	0.771827220916748
3291	0.6267637014389038
3292	0.6107209324836731
3293	1.0101921558380127
3294	0.8868522644042969
3295	0.8899388909339905
3296	0.9867200255393982
3297	0.6369591951370239
3298	0.7520887851715088
3299	0.8588799238204956
3300	0.715336263179779
3301	0.75799560546875
3302	0.7043637633323669
3303	0.8886845707893372
3304	1.1945816278457642
3305	0.8067039251327515
3306	0.866876482963562
3307	0.9909351468086243
3308	0.8509073257446289
3309	0.7449067831039429
3310	0.7686878442764282
3311	0.6353369951248169
3312	0.6115979552268982
3313	1.0030111074447632
3314	0.8919024467468262
3315	0.8744372129440308
3316	0.9785057306289673
3317	0.6466270089149475
3318	0.7623348236083984
3319	0.858073890209198
3320	0.7169364094734192
3321	0.7528809309005737
3322	0.7031238079071045
3323	0.885141134262085
3324	1.1903808116912842
3325	0.807282030582428
3326	0.8744590282440186
3327	0.9882030487060547
3328	0.8517439365386963
3329	0.7517470717430115
3330	0.775521457195282
3331	0.6247016191482544
3332	0.624677836894989
3333	1.0061018466949463
3334	0.8854842185974121
3335	0.8906760215759277
3336	0.9885266423225403
3337	0.6450768709182739
3338	0.7566594481468201
3339	0.8598436713218689
3340	0.7182766795158386
3341	0.7539989948272705
3342	0.7115582823753357
3343	0.8810293674468994
3344	1.195427656173706
3345	0.8046033978462219
3346	0.8697652816772461
3347	0.9912139773368835
3348	0.8477296233177185
3349	0.7504643797874451
3350	0.7787730693817139
3351	0.6304904222488403
3352	0.6150912046432495
3353	1.0068997144699097
3354	0.8890748023986816
3355	0.8845509886741638
3356	0.9793125987052917
3357	0.644481897354126
3358	0.7506659030914307
3359	0.8645533323287964
3360	0.7125943303108215
3361	0.7535645365715027
3362	0.6976687908172607
3363	0.8836761713027954
3364	1.1960320472717285
3365	0.7975871562957764
3366	0.8825516700744629
3367	0.9830042719841003
3368	0.8537294864654541
3369	0.7494763135910034
3370	0.7749762535095215
3371	0.632538914680481
3372	0.6181892156600952
3373	1.0099083185195923
3374	0.8804842233657837
3375	0.8869490623474121
3376	0.9832499623298645
3377	0.6373335719108582
3378	0.7592415809631348
3379	0.8609582185745239
3380	0.7161374092102051
3381	0.7567394971847534
3382	0.7007051706314087
3383	0.8803144097328186
3384	1.1945056915283203
3385	0.7980929613113403
3386	0.871741771697998
3387	0.9866257905960083
3388	0.8520936965942383
3389	0.7551782131195068
3390	0.7848218679428101
3391	0.6394360065460205
3392	0.6205569505691528
3393	1.0106955766677856
3394	0.8895337581634521
3395	0.8852401375770569
3396	0.9816117286682129
3397	0.6394078731536865
3398	0.7561620473861694
3399	0.8612961769104004
3400	0.7161545753479004
3401	0.7553791403770447
3402	0.7032345533370972
3403	0.8855763077735901
3404	1.2002582550048828
3405	0.7995723485946655
3406	0.8732864856719971
3407	0.9895516633987427
3408	0.8448964953422546
3409	0.7455774545669556
3410	0.7792965173721313
3411	0.6389118432998657
3412	0.6190345883369446
3413	0.9982288479804993
3414	0.8763120174407959
3415	0.8898467421531677
3416	0.9722128510475159
3417	0.6448759436607361
3418	0.7609809041023254
3419	0.8588752150535583
3420	0.7149214148521423
3421	0.7563204169273376
3422	0.7077383399009705
3423	0.8806300759315491
3424	1.1985907554626465
3425	0.8013067841529846
3426	0.8792423009872437
3427	0.9914974570274353
3428	0.8478155136108398
3429	0.736803412437439
3430	0.776486873626709
3431	0.6365267038345337
3432	0.620776891708374
3433	0.9962165355682373
3434	0.8765978217124939
3435	0.8873169422149658
3436	0.9765568375587463
3437	0.6516839265823364
3438	0.7508004307746887
3439	0.8567840456962585
3440	0.7149317264556885
3441	0.753821849822998
3442	0.7007874250411987
3443	0.8774155378341675
3444	1.2002501487731934
3445	0.7957799434661865
3446	0.8793902397155762
3447	0.9813957810401917
3448	0.8463212251663208
3449	0.7492129802703857
3450	0.7772136926651001
3451	0.6257993578910828
3452	0.6189745664596558
3453	1.0044361352920532
3454	0.8828089237213135
3455	0.8885571956634521
3456	0.9735015034675598
3457	0.6384302377700806
3458	0.75468909740448
3459	0.8657669425010681
3460	0.7145300507545471
3461	0.7608026266098022
3462	0.7133937478065491
3463	0.8913854956626892
3464	1.2058829069137573
3465	0.8120859861373901
3466	0.8617671728134155
3467	0.9951097369194031
3468	0.8514113426208496
3469	0.7474874258041382
3470	0.7741411924362183
3471	0.6440452337265015
3472	0.6153443455696106
3473	0.9994956254959106
3474	0.8862700462341309
3475	0.8862466812133789
3476	0.9862171411514282
3477	0.6543208956718445
3478	0.7650141716003418
3479	0.8548445105552673
3480	0.7085145711898804
3481	0.7516652345657349
3482	0.701443612575531
3483	0.8831263184547424
3484	1.2022956609725952
3485	0.7977081537246704
3486	0.8753786683082581
3487	0.9870534539222717
3488	0.8472833633422852
3489	0.7469215393066406
3490	0.7726983428001404
3491	0.6347671747207642
3492	0.6170070171356201
3493	1.0005104541778564
3494	0.8788292407989502
3495	0.8895477652549744
3496	0.975365161895752
3497	0.6461231112480164
3498	0.760716438293457
3499	0.8497068285942078
3500	0.7135515213012695
3501	0.7514076232910156
3502	0.6996425986289978
3503	0.8804642558097839
3504	1.1913042068481445
3505	0.7938371300697327
3506	0.8779926300048828
3507	0.9873578548431396
3508	0.8462944030761719
3509	0.7522350549697876
3510	0.7821434140205383
3511	0.6387909650802612
3512	0.6222701072692871
3513	1.005824327468872
3514	0.8755596876144409
3515	0.8887565732002258
3516	0.9798703789710999
3517	0.6407127976417542
3518	0.7530931234359741
3519	0.8590194582939148
3520	0.713902473449707
3521	0.7571834921836853
3522	0.7062474489212036
3523	0.890378475189209
3524	1.2003421783447266
3525	0.8063745498657227
3526	0.8688268661499023
3527	0.9928149580955505
3528	0.8505247235298157
3529	0.7539674043655396
3530	0.7819428443908691
3531	0.642305850982666
3532	0.6179581880569458
3533	1.0072216987609863
3534	0.8820539712905884
3535	0.8967210054397583
3536	0.9805155396461487
3537	0.6402936577796936
3538	0.7655094265937805
3539	0.8619651794433594
3540	0.7118657231330872
3541	0.746894359588623
3542	0.7045935392379761
3543	0.878986120223999
3544	1.1965076923370361
3545	0.7987115383148193
3546	0.8723158836364746
3547	0.9882317185401917
3548	0.8458988070487976
3549	0.7523030638694763
3550	0.7800322771072388
3551	0.6277265548706055
3552	0.619655191898346
3553	1.0017151832580566
3554	0.8844051957130432
3555	0.8921491503715515
3556	0.9773778915405273
3557	0.6424371004104614
3558	0.7530121803283691
3559	0.8556094169616699
3560	0.7142242193222046
3561	0.7536097168922424
3562	0.7119316458702087
3563	0.8877155780792236
3564	1.201248049736023
3565	0.8052630424499512
3566	0.8652005195617676
3567	0.9918583631515503
3568	0.8454243540763855
3569	0.7488605976104736
3570	0.7715804576873779
3571	0.6348707675933838
3572	0.6119695901870728
3573	1.0027508735656738
3574	0.8820199966430664
3575	0.8869268894195557
3576	0.9796464443206787
3577	0.6488578915596008
3578	0.7612593770027161
3579	0.8642576932907104
3580	0.728034496307373
3581	0.7648053169250488
3582	0.7036010026931763
3583	0.889855146408081
3584	1.1979272365570068
3585	0.8084250688552856
3586	0.8697232007980347
3587	0.9815462827682495
3588	0.8581041097640991
3589	0.7591791152954102
3590	0.7860268950462341
3591	0.6403417587280273
3592	0.626382052898407
3593	1.016462802886963
3594	0.8915945291519165
3595	0.8867647647857666
3596	0.9835822582244873
3597	0.6385096907615662
3598	0.7665802240371704
3599	0.8809319138526917
3600	0.7131719589233398
3601	0.7531906366348267
3602	0.7022108435630798
3603	0.8849290013313293
3604	1.1950656175613403
3605	0.8010611534118652
3606	0.8806093335151672
3607	0.9874284267425537
3608	0.8530378341674805
3609	0.7580703496932983
3610	0.7826112508773804
3611	0.6345428824424744
3612	0.6224560737609863
3613	1.0088768005371094
3614	0.8794882297515869
3615	0.8924943208694458
3616	0.9845582842826843
3617	0.6413067579269409
3618	0.7603858113288879
3619	0.8694151639938354
3620	0.7140991687774658
3621	0.7556654214859009
3622	0.7048206329345703
3623	0.8731552362442017
3624	1.1971549987792969
3625	0.7942532300949097
3626	0.875088632106781
3627	0.9833786487579346
3628	0.839810848236084
3629	0.7499012351036072
3630	0.7793747186660767
3631	0.6321864724159241
3632	0.6264316439628601
3633	1.0005712509155273
3634	0.8757827281951904
3635	0.892271101474762
3636	0.9701053500175476
3637	0.6389215588569641
3638	0.7517621517181396
3639	0.8664382696151733
3640	0.7137073874473572
3641	0.7536948323249817
3642	0.7057094573974609
3643	0.890383243560791
3644	1.1949609518051147
3645	0.8072010278701782
3646	0.8804967403411865
3647	0.988086462020874
3648	0.8531638383865356
3649	0.7513746023178101
3650	0.7669367790222168
3651	0.6244546175003052
3652	0.6246052980422974
3653	1.0059614181518555
3654	0.8843584060668945
3655	0.8884437084197998
3656	0.988547146320343
3657	0.6452549695968628
3658	0.7634474039077759
3659	0.8551288843154907
3660	0.7159572243690491
3661	0.7585169076919556
3662	0.7045376300811768
3663	0.8873145580291748
3664	1.192824363708496
3665	0.8001093864440918
3666	0.8728517293930054
3667	0.9902909994125366
3668	0.8528681993484497
3669	0.7412681579589844
3670	0.7709577083587646
3671	0.6339643597602844
3672	0.6163091659545898
3673	0.998110294342041
3674	0.8811220526695251
3675	0.8860509991645813
3676	0.9860227704048157
3677	0.6471259593963623
3678	0.7572357654571533
3679	0.8510585427284241
3680	0.7162706851959229
3681	0.7534669637680054
3682	0.6932071447372437
3683	0.879365086555481
3684	1.2082154750823975
3685	0.7984355688095093
3686	0.8859477043151855
3687	0.9817566275596619
3688	0.8574655055999756
3689	0.7533637881278992
3690	0.776780366897583
3691	0.6255728006362915
3692	0.6230183243751526
3693	1.0091400146484375
3694	0.8862765431404114
3695	0.8896596431732178
3696	0.9856200814247131
3697	0.6392729878425598
3698	0.7601309418678284
3699	0.8666156530380249
3700	0.711396336555481
3701	0.754603385925293
3702	0.7047191858291626
3703	0.8854240775108337
3704	1.1929717063903809
3705	0.8026881217956543
3706	0.8713679313659668
3707	0.9863986968994141
3708	0.8513952493667603
3709	0.74855637550354
3710	0.7805196046829224
3711	0.6408641934394836
3712	0.6135390996932983
3713	1.0055720806121826
3714	0.873266875743866
3715	0.894851565361023
3716	0.9856016039848328
3717	0.6414961218833923
3718	0.761329174041748
3719	0.8653732538223267
3720	0.7118328213691711
3721	0.7516866326332092
3722	0.7036333680152893
3723	0.8850163221359253
3724	1.203474998474121
3725	0.80452561378479
3726	0.8658857345581055
3727	0.9894895553588867
3728	0.8488432168960571
3729	0.7525131702423096
3730	0.7731696367263794
3731	0.6344355344772339
3732	0.6102049946784973
3733	1.0007998943328857
3734	0.8804901838302612
3735	0.892420768737793
3736	0.9813230633735657
3737	0.6421348452568054
3738	0.7603156566619873
3739	0.86085444688797
3740	0.7162857055664062
3741	0.7566996216773987
3742	0.7047740817070007
3743	0.8887383937835693
3744	1.1987652778625488
3745	0.8083935976028442
3746	0.8726437091827393
3747	0.992125391960144
3748	0.854648232460022
3749	0.7538720965385437
3750	0.7799292802810669
3751	0.6405038833618164
3752	0.6219280958175659
3753	1.011995792388916
3754	0.8814114332199097
3755	0.891497015953064
3756	0.984718918800354
3757	0.6443557143211365
3758	0.7658019065856934
3759	0.8660804629325867
3760	0.7139153480529785
3761	0.7549724578857422
3762	0.703743040561676
3763	0.8868777751922607
3764	1.196037769317627
3765	0.8086725473403931
3766	0.8635753989219666
3767	0.9848612546920776
3768	0.8466650247573853
3769	0.7528999447822571
3770	0.7719570398330688
3771	0.6394751667976379
3772	0.618466854095459
3773	0.9982280731201172
3774	0.871651291847229
3775	0.8881902098655701
3776	0.9736950397491455
3777	0.6442554593086243
3778	0.7691223621368408
3779	0.8631298542022705
3780	0.7145180702209473
3781	0.7534089088439941
3782	0.7057552337646484
3783	0.8881528973579407
3784	1.1962562799453735
3785	0.8063420057296753
3786	0.8708865642547607
3787	0.9891384840011597
3788	0.8523297309875488
3789	0.7513097524642944
3790	0.771592915058136
3791	0.6321730613708496
3792	0.6151238679885864
3793	1.0046175718307495
3794	0.8882808089256287
3795	0.8931498527526855
3796	0.9846578240394592
3797	0.6457438468933105
3798	0.764466404914856
3799	0.8614466190338135
3800	0.7098328471183777
3801	0.7507785558700562
3802	0.703403115272522
3803	0.8828666806221008
3804	1.1967062950134277
3805	0.7994009256362915
3806	0.8724395632743835
3807	0.9871377944946289
3808	0.8429528474807739
3809	0.7589775323867798
3810	0.7808374166488647
3811	0.6358815431594849
3812	0.623788595199585
3813	1.0065573453903198
3814	0.8765072226524353
3815	0.8889459371566772
3816	0.9799057245254517
3817	0.6425116658210754
3818	0.7591623067855835
3819	0.8566955327987671
3820	0.71616530418396
3821	0.7552124857902527
3822	0.7086578011512756
3823	0.8829231262207031
3824	1.1932202577590942
3825	0.8024705648422241
3826	0.8670526742935181
3827	0.9936196804046631
3828	0.8515264987945557
3829	0.7500119209289551
3830	0.7817701101303101
3831	0.6440622806549072
3832	0.6111812591552734
3833	1.0004600286483765
3834	0.8824062347412109
3835	0.8875500559806824
3836	0.9810632467269897
3837	0.6477540135383606
3838	0.7538653612136841
3839	0.8698581457138062
3840	0.7178268432617188
3841	0.7633237838745117
3842	0.705437183380127
3843	0.8879187703132629
3844	1.212056040763855
3845	0.8091771602630615
3846	0.872895359992981
3847	0.9871487617492676
3848	0.8572149872779846
3849	0.7534379363059998
3850	0.7732328176498413
3851	0.6303198337554932
3852	0.6155498623847961
3853	1.0073144435882568
3854	0.8922358751296997
3855	0.8935370445251465
3856	0.9909078478813171
3857	0.6422693133354187
3858	0.7640737295150757
3859	0.868132472038269
3860	0.711851179599762
3861	0.7577348947525024
3862	0.7068567276000977
3863	0.8918533325195312
3864	1.2089333534240723
3865	0.8101869821548462
3866	0.8702595829963684
3867	0.9974867105484009
3868	0.855332612991333
3869	0.7521324157714844
3870	0.7736032009124756
3871	0.6425039768218994
3872	0.6164094805717468
3873	1.0055211782455444
3874	0.8891080021858215
3875	0.8863047361373901
3876	0.9856929183006287
3877	0.6498788595199585
3878	0.7737640142440796
3879	0.8553487062454224
3880	0.7159241437911987
3881	0.7591729164123535
3882	0.7044065594673157
3883	0.8891869187355042
3884	1.2084343433380127
3885	0.8097831010818481
3886	0.8751322627067566
3887	0.9860867261886597
3888	0.8540233373641968
3889	0.7490028142929077
3890	0.7711631059646606
3891	0.6405225396156311
3892	0.6199352741241455
3893	1.009511947631836
3894	0.8805676698684692
3895	0.8881453275680542
3896	0.9803422689437866
3897	0.6475057601928711
3898	0.7722242474555969
3899	0.8744784593582153
3900	0.7169182896614075
3901	0.7583698034286499
3902	0.7058696746826172
3903	0.8853439092636108
3904	1.1948444843292236
3905	0.8006505966186523
3906	0.8715581893920898
3907	0.9950184226036072
3908	0.8499734401702881
3909	0.7451049089431763
3910	0.7827565670013428
3911	0.6400696039199829
3912	0.6213306188583374
3913	1.000033974647522
3914	0.8829377293586731
3915	0.890278697013855
3916	0.976399302482605
3917	0.6477481126785278
3918	0.7590045928955078
3919	0.8555024266242981
3920	0.7210590839385986
3921	0.7571089267730713
3922	0.704908013343811
3923	0.8852119445800781
3924	1.2040634155273438
3925	0.8043683767318726
3926	0.8825772404670715
3927	0.9886847734451294
3928	0.8518388867378235
3929	0.7576069831848145
3930	0.7819339036941528
3931	0.6343083381652832
3932	0.6257639527320862
3933	1.0199819803237915
3934	0.8869411945343018
3935	0.8959788680076599
3936	0.9836476445198059
3937	0.6398996710777283
3938	0.7630226612091064
3939	0.8751668334007263
3940	0.7155346870422363
3941	0.7576624155044556
3942	0.7031347751617432
3943	0.884212851524353
3944	1.1996848583221436
3945	0.8005432486534119
3946	0.881798267364502
3947	0.9846957921981812
3948	0.849966287612915
3949	0.7452948093414307
3950	0.7762782573699951
3951	0.6333081722259521
3952	0.6243346929550171
3953	1.006246566772461
3954	0.8781868815422058
3955	0.8874827027320862
3956	0.977020263671875
3957	0.6462628841400146
3958	0.7573127746582031
3959	0.8661060333251953
3960	0.7168190479278564
3961	0.7550642490386963
3962	0.7036373615264893
3963	0.8764306902885437
3964	1.1992326974868774
3965	0.799873948097229
3966	0.8829942941665649
3967	0.9824696779251099
3968	0.8493679165840149
3969	0.7428229451179504
3970	0.7818800210952759
3971	0.6344293355941772
3972	0.6219472289085388
3973	1.006941318511963
3974	0.8789652585983276
3975	0.8921979665756226
3976	0.9735761880874634
3977	0.6428148746490479
3978	0.7552210092544556
3979	0.8638341426849365
3980	0.7173619270324707
3981	0.7576602697372437
3982	0.7126607894897461
3983	0.8888153433799744
3984	1.2151209115982056
3985	0.812542200088501
3986	0.878963828086853
3987	0.9980294108390808
3988	0.8526877164840698
3989	0.7547720670700073
3990	0.7765640020370483
3991	0.6432397365570068
3992	0.6195428967475891
3993	1.0098315477371216
3994	0.8875372409820557
3995	0.8882640600204468
3996	0.9875023365020752
3997	0.6591184139251709
3998	0.7697407007217407
3999	0.8695076704025269
