BatchIdx	TestPerBatchStd
0	1.1098649501800537
1	1.0396653413772583
2	1.120276689529419
3	1.0905475616455078
4	1.125451683998108
5	1.1443673372268677
6	1.2220195531845093
7	1.1801626682281494
8	1.2199084758758545
9	1.1632181406021118
10	1.1524335145950317
11	1.081167221069336
12	1.0744518041610718
13	1.1869785785675049
14	1.0630760192871094
15	1.128294825553894
16	1.1043312549591064
17	1.1239005327224731
18	1.1522326469421387
19	1.0975532531738281
20	1.514902949333191
21	1.4425725936889648
22	1.647626280784607
23	1.5331215858459473
24	1.6180380582809448
25	1.5185821056365967
26	1.5426944494247437
27	1.5470908880233765
28	1.5041087865829468
29	1.5780773162841797
30	1.6349611282348633
31	1.5603294372558594
32	1.5679906606674194
33	1.5696042776107788
34	1.4171539545059204
35	1.5433809757232666
36	1.4457138776779175
37	1.4517675638198853
38	1.5314340591430664
39	1.6116689443588257
40	1.2102718353271484
41	1.2089658975601196
42	1.1888389587402344
43	1.2656211853027344
44	1.3164714574813843
45	1.21415114402771
46	1.2225242853164673
47	1.3090169429779053
48	1.2556343078613281
49	1.2976466417312622
50	1.328474998474121
51	1.0680774450302124
52	1.1428074836730957
53	1.3159738779067993
54	1.2041107416152954
55	1.2246465682983398
56	1.2678205966949463
57	1.269303798675537
58	1.316514253616333
59	1.3183525800704956
60	1.3729013204574585
61	1.2250175476074219
62	1.4156992435455322
63	1.3991049528121948
64	1.478593349456787
65	1.3571096658706665
66	1.371775507926941
67	1.3443901538848877
68	1.2686901092529297
69	1.2829973697662354
70	1.2517350912094116
71	1.263258934020996
72	1.3698395490646362
73	1.4138697385787964
74	1.360541820526123
75	1.2894951105117798
76	1.2700940370559692
77	1.428953766822815
78	1.262811541557312
79	1.3713154792785645
80	1.3426624536514282
81	1.4164602756500244
82	1.5810000896453857
83	1.6009775400161743
84	1.5611759424209595
85	1.5773427486419678
86	1.457712173461914
87	1.526857614517212
88	1.4732729196548462
89	1.562965750694275
90	1.439869999885559
91	1.387487530708313
92	1.3087424039840698
93	1.597967505455017
94	1.4604490995407104
95	1.5983713865280151
96	1.4560171365737915
97	1.4828920364379883
98	1.423884630203247
99	1.5695445537567139
100	1.3374940156936646
101	1.2204549312591553
102	1.2451672554016113
103	1.2788113355636597
104	1.635101318359375
105	1.31861412525177
106	1.3056738376617432
107	1.3883157968521118
108	1.3431111574172974
109	1.2803407907485962
110	1.3272480964660645
111	1.2157173156738281
112	1.163717269897461
113	1.4044471979141235
114	1.3461414575576782
115	1.3552666902542114
116	1.4101601839065552
117	1.2768876552581787
118	1.2444915771484375
119	1.4217658042907715
120	1.330779790878296
121	1.3037078380584717
122	1.3810330629348755
123	1.4117416143417358
124	1.5664856433868408
125	1.3033047914505005
126	1.313537359237671
127	1.4563062191009521
128	1.3876944780349731
129	1.344756007194519
130	1.3651258945465088
131	1.283423662185669
132	1.266737461090088
133	1.3628212213516235
134	1.3186311721801758
135	1.3462791442871094
136	1.5312122106552124
137	1.2828118801116943
138	1.3851016759872437
139	1.383471131324768
140	1.6935856342315674
141	1.7258187532424927
142	1.606223225593567
143	1.7848913669586182
144	1.9658410549163818
145	1.8028978109359741
146	1.8062061071395874
147	1.8890132904052734
148	1.779940128326416
149	1.748665690422058
150	1.7593750953674316
151	1.6778416633605957
152	1.661365270614624
153	1.8970766067504883
154	1.7445094585418701
155	1.7993718385696411
156	1.958188772201538
157	1.5193458795547485
158	1.706571102142334
159	1.9279824495315552
160	1.6392860412597656
161	1.5827044248580933
162	1.8136212825775146
163	1.6042007207870483
164	1.87369966506958
165	1.6795405149459839
166	1.7615530490875244
167	1.7458521127700806
168	1.7977988719940186
169	1.6072827577590942
170	1.6903020143508911
171	1.5377752780914307
172	1.6198211908340454
173	1.792002558708191
174	1.655478835105896
175	1.5975749492645264
176	1.8204420804977417
177	1.5790084600448608
178	1.6195831298828125
179	1.8774540424346924
180	1.5840762853622437
181	1.452205777168274
182	1.6532785892486572
183	1.512548804283142
184	1.6501606702804565
185	1.5289933681488037
186	1.6165356636047363
187	1.7648245096206665
188	1.5792447328567505
189	1.6157290935516357
190	1.4140433073043823
191	1.541612148284912
192	1.418205976486206
193	1.5291870832443237
194	1.447561264038086
195	1.5541490316390991
196	1.5775748491287231
197	1.615330696105957
198	1.3894301652908325
199	1.561682105064392
200	1.71934974193573
201	1.8678290843963623
202	1.58184814453125
203	1.6835987567901611
204	1.8853704929351807
205	1.781143307685852
206	1.7463055849075317
207	1.81460440158844
208	1.8715163469314575
209	1.6819723844528198
210	1.7879198789596558
211	1.604871392250061
212	1.670982003211975
213	1.9190759658813477
214	1.7182923555374146
215	1.8363139629364014
216	1.9185823202133179
217	1.8743507862091064
218	1.6560333967208862
219	1.848730206489563
220	1.8237311840057373
221	1.812760829925537
222	1.8407357931137085
223	1.95492684841156
224	2.174664258956909
225	1.72747004032135
226	1.960147738456726
227	1.8042411804199219
228	1.8724191188812256
229	1.835870385169983
230	1.7949339151382446
231	1.7485648393630981
232	1.5527609586715698
233	1.8578770160675049
234	1.8466992378234863
235	1.9099241495132446
236	2.0068395137786865
237	1.80595862865448
238	1.6492516994476318
239	1.7375484704971313
240	1.5092527866363525
241	1.6366972923278809
242	1.7639435529708862
243	1.8305619955062866
244	1.936774730682373
245	1.5549325942993164
246	1.6395686864852905
247	1.9334957599639893
248	1.6421667337417603
249	1.6024266481399536
250	1.445172667503357
251	1.4747774600982666
252	1.5659414529800415
253	1.6785441637039185
254	1.67682945728302
255	1.6891100406646729
256	1.720126986503601
257	1.709955096244812
258	1.6125025749206543
259	1.7797138690948486
260	1.5301055908203125
261	1.7227177619934082
262	1.574160099029541
263	1.8309382200241089
264	1.901436686515808
265	1.9313132762908936
266	1.8095940351486206
267	2.004028081893921
268	1.8190475702285767
269	1.5487964153289795
270	1.529961109161377
271	1.4220315217971802
272	1.4667658805847168
273	1.7719405889511108
274	1.8435251712799072
275	1.6779029369354248
276	1.826980710029602
277	1.6019270420074463
278	1.5458881855010986
279	1.7451967000961304
280	1.6613779067993164
281	1.9021097421646118
282	1.7262375354766846
283	1.8350428342819214
284	2.1101818084716797
285	1.87432861328125
286	1.8505969047546387
287	2.1711316108703613
288	2.010878086090088
289	1.7020857334136963
290	1.6916910409927368
291	1.6400501728057861
292	1.6094533205032349
293	1.999674677848816
294	2.042156934738159
295	1.7959955930709839
296	1.9952776432037354
297	1.6768136024475098
298	1.848442554473877
299	1.7465081214904785
300	2.777742385864258
301	2.6568050384521484
302	2.9750285148620605
303	3.016517400741577
304	2.847787857055664
305	2.8396530151367188
306	2.7682321071624756
307	2.722230911254883
308	2.539647102355957
309	2.9090330600738525
310	2.9163708686828613
311	2.7891831398010254
312	2.691051483154297
313	2.886826515197754
314	2.7742717266082764
315	2.9976577758789062
316	2.8414857387542725
317	2.7373297214508057
318	2.714008092880249
319	2.7428693771362305
320	1.874809980392456
321	1.5776547193527222
322	1.7740364074707031
323	1.8730955123901367
324	2.361799955368042
325	1.7221089601516724
326	1.819502353668213
327	2.009212017059326
328	1.8527836799621582
329	1.6933860778808594
330	1.6982442140579224
331	1.5842198133468628
332	1.664206862449646
333	2.0753798484802246
334	2.022803783416748
335	1.9065947532653809
336	2.053769588470459
337	1.7323830127716064
338	1.8314411640167236
339	1.797222375869751
340	1.972135066986084
341	1.8492493629455566
342	1.9158488512039185
343	1.9935157299041748
344	2.406872272491455
345	1.9577479362487793
346	1.9602513313293457
347	2.126185894012451
348	1.9279961585998535
349	2.0211904048919678
350	1.841351866722107
351	1.530592441558838
352	1.6283574104309082
353	2.0008647441864014
354	1.999172568321228
355	2.028432607650757
356	2.1375837326049805
357	1.7987264394760132
358	1.8488178253173828
359	2.0045080184936523
360	1.8160195350646973
361	1.8906432390213013
362	1.9637778997421265
363	1.9504575729370117
364	2.487715244293213
365	2.013132095336914
366	2.0090525150299072
367	2.2879600524902344
368	2.167358875274658
369	1.787223219871521
370	1.864999532699585
371	1.7176225185394287
372	1.7879383563995361
373	2.0679996013641357
374	2.158327341079712
375	1.9292985200881958
376	2.240745782852173
377	1.8524707555770874
378	1.9926307201385498
379	1.799928903579712
380	2.029907464981079
381	1.8533004522323608
382	1.8210713863372803
383	1.9770649671554565
384	2.401522397994995
385	2.00225830078125
386	1.9054807424545288
387	2.15400767326355
388	2.0238699913024902
389	1.6635816097259521
390	1.7291107177734375
391	1.5404679775238037
392	1.591334342956543
393	2.1685702800750732
394	2.107713222503662
395	2.092942476272583
396	2.339665412902832
397	1.730008602142334
398	1.8611223697662354
399	2.292766571044922
400	2.137157678604126
401	2.133039951324463
402	2.104884624481201
403	2.1150131225585938
404	2.656252861022949
405	2.1994783878326416
406	2.339129686355591
407	2.45196533203125
408	2.3298637866973877
409	2.062812328338623
410	1.9204078912734985
411	1.7247503995895386
412	1.751461386680603
413	2.294738292694092
414	2.280730724334717
415	2.155883312225342
416	2.229624032974243
417	2.008098840713501
418	1.9523674249649048
419	1.9004437923431396
420	1.9866664409637451
421	1.8959985971450806
422	2.0243430137634277
423	2.291544198989868
424	2.57698655128479
425	2.128211736679077
426	1.9448810815811157
427	2.288175582885742
428	2.0830910205841064
429	1.9771422147750854
430	2.0071945190429688
431	1.638836145401001
432	1.7903802394866943
433	2.2074501514434814
434	2.1184287071228027
435	2.0445821285247803
436	2.43467116355896
437	1.705314040184021
438	2.13999080657959
439	1.909921646118164
440	1.8622338771820068
441	2.0191142559051514
442	1.8748506307601929
443	2.144106388092041
444	2.5063836574554443
445	2.0397250652313232
446	1.8095314502716064
447	2.231382369995117
448	1.9984183311462402
449	1.8708889484405518
450	1.9223096370697021
451	1.6772764921188354
452	1.6677472591400146
453	2.1700172424316406
454	2.206430196762085
455	2.040250539779663
456	2.2699527740478516
457	1.7142318487167358
458	1.9579650163650513
459	1.9240893125534058
460	1.9569780826568604
461	2.0267364978790283
462	1.9544355869293213
463	2.193530797958374
464	2.6692466735839844
465	2.0775179862976074
466	2.0126993656158447
467	2.3952689170837402
468	2.1336758136749268
469	2.00774884223938
470	1.905895471572876
471	1.7186095714569092
472	1.6739581823349
473	2.1669626235961914
474	2.3018639087677
475	2.104703664779663
476	2.2189643383026123
477	1.9523122310638428
478	1.9829293489456177
479	2.12801456451416
480	2.054124593734741
481	1.9130048751831055
482	2.0651588439941406
483	2.1508703231811523
484	2.700345993041992
485	1.8926208019256592
486	2.1000125408172607
487	2.397493362426758
488	2.301893711090088
489	1.874787449836731
490	1.835168480873108
491	1.6792014837265015
492	1.8137439489364624
493	2.1297199726104736
494	2.3024165630340576
495	1.993039846420288
496	2.2887494564056396
497	1.816061019897461
498	2.029632806777954
499	2.0843560695648193
500	1.949615240097046
501	1.7792295217514038
502	1.9629895687103271
503	2.1787657737731934
504	2.6390881538391113
505	1.8489729166030884
506	2.005788564682007
507	2.389025926589966
508	2.145012855529785
509	1.933772325515747
510	1.9515011310577393
511	1.652360200881958
512	1.6652759313583374
513	2.277984142303467
514	2.3214681148529053
515	2.0165247917175293
516	2.358170986175537
517	1.7305179834365845
518	1.8427494764328003
519	2.1371777057647705
520	2.0731372833251953
521	1.926214337348938
522	1.9559133052825928
523	2.121777296066284
524	2.62062406539917
525	1.910971760749817
526	1.934926986694336
527	2.4652912616729736
528	2.1415064334869385
529	1.9814436435699463
530	1.8713244199752808
531	1.6424009799957275
532	1.6949886083602905
533	2.3591725826263428
534	2.283893346786499
535	2.0216171741485596
536	2.3599660396575928
537	1.7651495933532715
538	1.8657292127609253
539	2.182314395904541
540	2.0070462226867676
541	1.9277400970458984
542	1.9758652448654175
543	2.1546475887298584
544	2.5929791927337646
545	1.8813444375991821
546	1.921804428100586
547	2.386439085006714
548	2.1608529090881348
549	1.9866529703140259
550	1.9808377027511597
551	1.607704520225525
552	1.6274363994598389
553	2.298973798751831
554	2.262498140335083
555	2.1265995502471924
556	2.333533763885498
557	1.7653368711471558
558	1.8390161991119385
559	2.1178832054138184
560	2.0272250175476074
561	1.9037837982177734
562	2.0295071601867676
563	2.060859203338623
564	2.64288330078125
565	1.9528168439865112
566	2.0483107566833496
567	2.4355430603027344
568	2.1416168212890625
569	1.9785064458847046
570	1.9958680868148804
571	1.6450916528701782
572	1.6615902185440063
573	2.1938741207122803
574	2.2635231018066406
575	2.111631393432617
576	2.31684947013855
577	1.6681792736053467
578	1.9038504362106323
579	2.1252071857452393
580	2.0024712085723877
581	1.9010132551193237
582	2.0741164684295654
583	2.1624844074249268
584	2.7301504611968994
585	1.9776794910430908
586	2.1355836391448975
587	2.508789300918579
588	2.2203617095947266
589	2.0056357383728027
590	2.0244743824005127
591	1.6588486433029175
592	1.6477227210998535
593	2.3003222942352295
594	2.3226819038391113
595	2.1118006706237793
596	2.413386821746826
597	1.7705614566802979
598	1.9889901876449585
599	2.1519908905029297
600	1.971873164176941
601	1.915517807006836
602	2.0073635578155518
603	2.1433839797973633
604	2.6545662879943848
605	1.8953701257705688
606	1.9902100563049316
607	2.444352626800537
608	2.1493301391601562
609	1.9828553199768066
610	1.9601786136627197
611	1.6415482759475708
612	1.6552188396453857
613	2.2490274906158447
614	2.27646803855896
615	2.088167905807495
616	2.319450616836548
617	1.7140824794769287
618	1.88486647605896
619	2.1295554637908936
620	1.9959168434143066
621	1.9444947242736816
622	2.018418550491333
623	2.129906177520752
624	2.6893699169158936
625	1.907440423965454
626	1.9959006309509277
627	2.469219923019409
628	2.148714303970337
629	1.9730861186981201
630	1.9759072065353394
631	1.6526265144348145
632	1.6589136123657227
633	2.2654645442962646
634	2.2921628952026367
635	2.078876495361328
636	2.324848175048828
637	1.7449493408203125
638	1.883452296257019
639	2.1455118656158447
640	2.0045459270477295
641	1.9489500522613525
642	2.024275779724121
643	2.1465632915496826
644	2.6946301460266113
645	1.9096426963806152
646	1.97744882106781
647	2.467956304550171
648	2.1513047218322754
649	1.9968067407608032
650	2.008885383605957
651	1.6768523454666138
652	1.6389764547348022
653	2.2920942306518555
654	2.304325819015503
655	2.103389024734497
656	2.342214345932007
657	1.7090445756912231
658	1.8864387273788452
659	2.1529629230499268
660	2.0067596435546875
661	1.9435741901397705
662	2.0457069873809814
663	2.161292552947998
664	2.686933994293213
665	1.923040509223938
666	2.024143934249878
667	2.47530460357666
668	2.1547274589538574
669	2.00504732131958
670	1.9673163890838623
671	1.6606212854385376
672	1.657099962234497
673	2.285088539123535
674	2.296830177307129
675	2.1264100074768066
676	2.3322672843933105
677	1.720578670501709
678	1.896040678024292
679	2.118072032928467
680	2.0230228900909424
681	1.9439074993133545
682	2.0143768787384033
683	2.1475837230682373
684	2.6989691257476807
685	1.907341480255127
686	2.0219569206237793
687	2.4829609394073486
688	2.168001890182495
689	1.9890244007110596
690	1.9824509620666504
691	1.6492201089859009
692	1.6558279991149902
693	2.287263870239258
694	2.315333127975464
695	2.1223690509796143
696	2.3153719902038574
697	1.7335596084594727
698	1.9024375677108765
699	2.155343770980835
700	2.01871395111084
701	1.9400886297225952
702	2.0395660400390625
703	2.161311626434326
704	2.701547861099243
705	1.9189271926879883
706	2.015587091445923
707	2.4641077518463135
708	2.1617250442504883
709	2.003303289413452
710	1.9745014905929565
711	1.6599907875061035
712	1.679219365119934
713	2.298713207244873
714	2.3055295944213867
715	2.1341981887817383
716	2.3338727951049805
717	1.7510889768600464
718	1.9017055034637451
719	2.150282621383667
720	2.0246360301971436
721	1.9328068494796753
722	2.0451478958129883
723	2.1726572513580322
724	2.7324469089508057
725	1.9443973302841187
726	2.009507179260254
727	2.4988577365875244
728	2.187326669692993
729	1.994964361190796
730	1.983935832977295
731	1.6610733270645142
732	1.6670619249343872
733	2.303063154220581
734	2.3371429443359375
735	2.13297700881958
736	2.3395731449127197
737	1.7672417163848877
738	1.9010822772979736
739	2.15571665763855
740	2.042529582977295
741	1.962876558303833
742	2.0275275707244873
743	2.192145347595215
744	2.748175621032715
745	1.945745825767517
746	2.034473419189453
747	2.517171621322632
748	2.208540678024292
749	2.0268568992614746
750	2.011967420578003
751	1.665520429611206
752	1.7012059688568115
753	2.3101017475128174
754	2.340179443359375
755	2.14192533493042
756	2.3637921810150146
757	1.7519237995147705
758	1.9360233545303345
759	2.182185411453247
760	2.0277700424194336
761	1.933005452156067
762	2.037446975708008
763	2.1555657386779785
764	2.7152202129364014
765	1.9439373016357422
766	2.024663209915161
767	2.5101969242095947
768	2.1864731311798096
769	1.9976738691329956
770	1.9774630069732666
771	1.6926076412200928
772	1.6587491035461426
773	2.2873942852020264
774	2.312840700149536
775	2.1294164657592773
776	2.341153860092163
777	1.7601135969161987
778	1.9240074157714844
779	2.1737430095672607
780	2.0125820636749268
781	1.9402674436569214
782	2.0210275650024414
783	2.179985523223877
784	2.730128288269043
785	1.9378772974014282
786	2.0435738563537598
787	2.512047290802002
788	2.193901300430298
789	2.0012049674987793
790	1.998007893562317
791	1.6753286123275757
792	1.6766222715377808
793	2.3051276206970215
794	2.332780122756958
795	2.127737522125244
796	2.3464207649230957
797	1.735884189605713
798	1.9237223863601685
799	2.1665546894073486
800	2.0414798259735107
801	1.947527289390564
802	2.0531415939331055
803	2.1816771030426025
804	2.722964286804199
805	1.9528201818466187
806	2.026984453201294
807	2.520021915435791
808	2.1799492835998535
809	2.0111608505249023
810	1.980966567993164
811	1.6806858777999878
812	1.6900696754455566
813	2.2990448474884033
814	2.339089870452881
815	2.1386733055114746
816	2.339273452758789
817	1.7367202043533325
818	1.9444853067398071
819	2.145087242126465
820	2.0494823455810547
821	1.973607063293457
822	2.053020477294922
823	2.2000184059143066
824	2.740124464035034
825	1.9674724340438843
826	2.061391830444336
827	2.524015426635742
828	2.2141647338867188
829	2.0086069107055664
830	1.9839012622833252
831	1.6863709688186646
832	1.696123719215393
833	2.303682804107666
834	2.3356306552886963
835	2.1540160179138184
836	2.3586277961730957
837	1.7511773109436035
838	1.9562783241271973
839	2.1691877841949463
840	2.0428245067596436
841	1.9534375667572021
842	2.04166316986084
843	2.1976611614227295
844	2.748236894607544
845	1.9567142724990845
846	2.0768651962280273
847	2.5259158611297607
848	2.215451717376709
849	2.0046260356903076
850	1.9823819398880005
851	1.687915325164795
852	1.689839482307434
853	2.2913880348205566
854	2.3458402156829834
855	2.156790256500244
856	2.3586041927337646
857	1.755730390548706
858	1.9463387727737427
859	2.14020037651062
860	2.0458145141601562
861	1.9582388401031494
862	2.044617176055908
863	2.173830986022949
864	2.741804599761963
865	1.9581700563430786
866	2.0593416690826416
867	2.5228805541992188
868	2.190040349960327
869	1.994458556175232
870	1.9890596866607666
871	1.7028769254684448
872	1.695885181427002
873	2.289092779159546
874	2.3308563232421875
875	2.168421506881714
876	2.337090253829956
877	1.7541756629943848
878	1.9268220663070679
879	2.1422858238220215
880	2.048915147781372
881	1.9690961837768555
882	2.03468918800354
883	2.2079715728759766
884	2.7561655044555664
885	1.9720431566238403
886	2.0444185733795166
887	2.5348398685455322
888	2.220329761505127
889	1.995132565498352
890	2.007002830505371
891	1.6862927675247192
892	1.673402190208435
893	2.327378034591675
894	2.370861053466797
895	2.1697731018066406
896	2.3699657917022705
897	1.748780369758606
898	1.9418919086456299
899	2.181561231613159
900	2.04917049407959
901	1.961810827255249
902	2.010878801345825
903	2.196697473526001
904	2.7494137287139893
905	2.00727915763855
906	2.083463191986084
907	2.5577166080474854
908	2.273078680038452
909	2.013350009918213
910	2.0687270164489746
911	1.7170082330703735
912	1.652260184288025
913	2.3867716789245605
914	2.4169063568115234
915	2.190778970718384
916	2.4252095222473145
917	1.787249207496643
918	1.9568321704864502
919	2.2407824993133545
920	2.043148994445801
921	1.9542779922485352
922	2.03909969329834
923	2.1902854442596436
924	2.736731767654419
925	1.9550914764404297
926	2.0410821437835693
927	2.518249988555908
928	2.199209213256836
929	1.9949288368225098
930	2.0322327613830566
931	1.6949111223220825
932	1.6821738481521606
933	2.29598069190979
934	2.3428709506988525
935	2.1556994915008545
936	2.3558290004730225
937	1.7464519739151
938	1.928537368774414
939	2.1485745906829834
940	2.054347038269043
941	1.9880098104476929
942	2.0486397743225098
943	2.227511167526245
944	2.751824378967285
945	1.9747289419174194
946	2.0645945072174072
947	2.531231164932251
948	2.2072250843048096
949	2.0113868713378906
950	2.0145342350006104
951	1.700295090675354
952	1.6977183818817139
953	2.324397087097168
954	2.3603365421295166
955	2.1709423065185547
956	2.386162519454956
957	1.7359834909439087
958	1.9518065452575684
959	2.1569314002990723
960	2.06060791015625
961	1.9748196601867676
962	2.039238452911377
963	2.2149136066436768
964	2.7485947608947754
965	1.987078070640564
966	2.0433311462402344
967	2.5454275608062744
968	2.212932825088501
969	2.0147697925567627
970	2.0303122997283936
971	1.7046748399734497
972	1.698390245437622
973	2.315845251083374
974	2.3506274223327637
975	2.1431000232696533
976	2.3972561359405518
977	1.7534801959991455
978	1.9590511322021484
979	2.1676485538482666
980	2.0586941242218018
981	1.9765816926956177
982	2.0585954189300537
983	2.2187693119049072
984	2.760340452194214
985	1.978770136833191
986	2.077326536178589
987	2.5280842781066895
988	2.187486410140991
989	2.0326619148254395
990	2.0109057426452637
991	1.7070837020874023
992	1.707905650138855
993	2.331469774246216
994	2.3548595905303955
995	2.169487476348877
996	2.372807741165161
997	1.752864956855774
998	1.9458705186843872
999	2.1798295974731445
1000	2.0633492469787598
1001	1.9766921997070312
1002	2.052995443344116
1003	2.222688913345337
1004	2.7613697052001953
1005	1.9733943939208984
1006	2.073052167892456
1007	2.532914161682129
1008	2.2262613773345947
1009	1.995164155960083
1010	2.0437464714050293
1011	1.695076823234558
1012	1.691336750984192
1013	2.324208974838257
1014	2.3801968097686768
1015	2.165250539779663
1016	2.3755838871002197
1017	1.7565455436706543
1018	1.954785704612732
1019	2.1770503520965576
1020	2.063994884490967
1021	1.9952545166015625
1022	2.058420181274414
1023	2.2423226833343506
1024	2.76344895362854
1025	1.9898746013641357
1026	2.074723243713379
1027	2.550356388092041
1028	2.2194149494171143
1029	2.0172133445739746
1030	2.039379596710205
1031	1.7094756364822388
1032	1.7138806581497192
1033	2.3406732082366943
1034	2.3720836639404297
1035	2.180347442626953
1036	2.3908987045288086
1037	1.7570104598999023
1038	1.9605576992034912
1039	2.187288284301758
1040	2.0603959560394287
1041	1.9780522584915161
1042	2.054579496383667
1043	2.2192702293395996
1044	2.7742972373962402
1045	1.9753235578536987
1046	2.07370924949646
1047	2.545109510421753
1048	2.2188808917999268
1049	2.0308051109313965
1050	2.0348973274230957
1051	1.7008250951766968
1052	1.7101728916168213
1053	2.3242716789245605
1054	2.3607566356658936
1055	2.1880650520324707
1056	2.38906192779541
1057	1.7568665742874146
1058	1.972507357597351
1059	2.192945957183838
1060	2.085681915283203
1061	1.9956220388412476
1062	2.0604465007781982
1063	2.2309179306030273
1064	2.7891883850097656
1065	1.9988993406295776
1066	2.0947301387786865
1067	2.568798303604126
1068	2.2366466522216797
1069	2.021270990371704
1070	2.0426039695739746
1071	1.7193247079849243
1072	1.716925859451294
1073	2.3455886840820312
1074	2.3964412212371826
1075	2.194035291671753
1076	2.3892838954925537
1077	1.7650521993637085
1078	1.9709136486053467
1079	2.1900408267974854
1080	2.0610554218292236
1081	1.9931716918945312
1082	2.0625813007354736
1083	2.2462730407714844
1084	2.7919952869415283
1085	1.9974325895309448
1086	2.095092296600342
1087	2.560924530029297
1088	2.2357687950134277
1089	2.047069549560547
1090	2.040433645248413
1091	1.7346488237380981
1092	1.7130862474441528
1093	2.371338129043579
1094	2.3825860023498535
1095	2.1866989135742188
1096	2.408320665359497
1097	1.7644785642623901
1098	1.975163459777832
1099	2.1949386596679688
1100	2.087064504623413
1101	1.9998044967651367
1102	2.0742344856262207
1103	2.2446937561035156
1104	2.800771951675415
1105	2.0266029834747314
1106	2.097273826599121
1107	2.586570978164673
1108	2.2459006309509277
1109	2.0557703971862793
1110	2.0386691093444824
1111	1.753558874130249
1112	1.706853985786438
1113	2.3579001426696777
1114	2.407258987426758
1115	2.1700968742370605
1116	2.3961265087127686
1117	1.7850462198257446
1118	2.0005714893341064
1119	2.208430528640747
1120	2.0871851444244385
1121	1.9887268543243408
1122	2.06447696685791
1123	2.240729808807373
1124	2.774280548095703
1125	2.0014772415161133
1126	2.067211151123047
1127	2.5617856979370117
1128	2.223484516143799
1129	2.0389397144317627
1130	2.065169095993042
1131	1.734570860862732
1132	1.7191872596740723
1133	2.354566812515259
1134	2.4003746509552
1135	2.1907103061676025
1136	2.3895699977874756
1137	1.7718424797058105
1138	1.9829316139221191
1139	2.1870479583740234
1140	2.078089714050293
1141	1.9716235399246216
1142	2.0766570568084717
1143	2.2237648963928223
1144	2.7536213397979736
1145	2.0060253143310547
1146	2.071195363998413
1147	2.5540566444396973
1148	2.2119359970092773
1149	2.0266354084014893
1150	2.0393283367156982
1151	1.7673678398132324
1152	1.699658989906311
1153	2.339223623275757
1154	2.364035129547119
1155	2.168187141418457
1156	2.3768532276153564
1157	1.758723497390747
1158	1.9718801975250244
1159	2.1891067028045654
1160	2.093337059020996
1161	1.984615445137024
1162	2.083240032196045
1163	2.232025623321533
1164	2.7782533168792725
1165	2.0225462913513184
1166	2.1064271926879883
1167	2.5783567428588867
1168	2.2212350368499756
1169	2.0499935150146484
1170	2.050886392593384
1171	1.7645516395568848
1172	1.7272982597351074
1173	2.3764595985412598
1174	2.3668925762176514
1175	2.2158827781677246
1176	2.392453670501709
1177	1.777208685874939
1178	1.9778703451156616
1179	2.2183706760406494
1180	2.080007553100586
1181	1.9890809059143066
1182	2.0772480964660645
1183	2.262176513671875
1184	2.7751455307006836
1185	2.022921562194824
1186	2.068720817565918
1187	2.5788588523864746
1188	2.236018180847168
1189	2.066133499145508
1190	2.0304312705993652
1191	1.7332355976104736
1192	1.7167189121246338
1193	2.3531527519226074
1194	2.3852453231811523
1195	2.173809766769409
1196	2.4186158180236816
1197	1.763778567314148
1198	2.004727840423584
1199	2.195958137512207
1200	2.0785272121429443
1201	2.0025105476379395
1202	2.0563857555389404
1203	2.251175880432129
1204	2.787018060684204
1205	1.9949084520339966
1206	2.0689032077789307
1207	2.562986373901367
1208	2.2362213134765625
1209	2.040954113006592
1210	2.058901786804199
1211	1.7235885858535767
1212	1.7138950824737549
1213	2.338322877883911
1214	2.4005215167999268
1215	2.163212776184082
1216	2.3997106552124023
1217	1.7571427822113037
1218	1.9816886186599731
1219	2.1875550746917725
1220	2.0907652378082275
1221	2.003443717956543
1222	2.0696654319763184
1223	2.258843183517456
1224	2.7956604957580566
1225	2.0161545276641846
1226	2.121025323867798
1227	2.5852091312408447
1228	2.251887559890747
1229	2.054577350616455
1230	2.0449185371398926
1231	1.7144534587860107
1232	1.750846266746521
1233	2.349487781524658
1234	2.4011237621307373
1235	2.2054338455200195
1236	2.4174258708953857
1237	1.7670658826828003
1238	2.0157666206359863
1239	2.192087411880493
1240	2.09098744392395
1241	1.995736002922058
1242	2.0858373641967773
1243	2.255107879638672
1244	2.7898783683776855
1245	2.0215742588043213
1246	2.0930850505828857
1247	2.578188896179199
1248	2.2194018363952637
1249	2.063767433166504
1250	2.038966655731201
1251	1.7491308450698853
1252	1.7368509769439697
1253	2.368683099746704
1254	2.3873867988586426
1255	2.200005054473877
1256	2.3901877403259277
1257	1.781420111656189
1258	1.9917467832565308
1259	2.206803560256958
1260	2.1054041385650635
1261	2.017982006072998
1262	2.087763547897339
1263	2.271416425704956
1264	2.810842990875244
1265	2.033080816268921
1266	2.113668441772461
1267	2.593226909637451
1268	2.2589709758758545
1269	2.055349588394165
1270	2.0522217750549316
1271	1.735877275466919
1272	1.7536977529525757
1273	2.362095355987549
1274	2.4116950035095215
1275	2.222606658935547
1276	2.4096505641937256
1277	1.7867138385772705
1278	2.009603977203369
1279	2.2041420936584473
1280	2.093588352203369
1281	2.0135483741760254
1282	2.0973877906799316
1283	2.2761237621307373
1284	2.7947070598602295
1285	2.0346217155456543
1286	2.0872609615325928
1287	2.596747636795044
1288	2.2190608978271484
1289	2.0730972290039062
1290	2.0617516040802
1291	1.7411739826202393
1292	1.738281488418579
1293	2.3814449310302734
1294	2.4041569232940674
1295	2.2168281078338623
1296	2.4132025241851807
1297	1.7720237970352173
1298	2.0091021060943604
1299	2.2390074729919434
1300	2.0925838947296143
1301	2.0119547843933105
1302	2.0757362842559814
1303	2.2600014209747314
1304	2.79496693611145
1305	2.0196540355682373
1306	2.070312738418579
1307	2.583350658416748
1308	2.229219913482666
1309	2.0595927238464355
1310	2.0647919178009033
1311	1.7450671195983887
1312	1.71407949924469
1313	2.380075454711914
1314	2.4025659561157227
1315	2.2043261528015137
1316	2.420192241668701
1317	1.7665342092514038
1318	1.991528868675232
1319	2.2214133739471436
1320	2.0967249870300293
1321	2.005174398422241
1322	2.0857598781585693
1323	2.2553024291992188
1324	2.808634042739868
1325	2.0243732929229736
1326	2.1099026203155518
1327	2.572401285171509
1328	2.2339539527893066
1329	2.0387136936187744
1330	2.040947198867798
1331	1.7294328212738037
1332	1.747177243232727
1333	2.3580756187438965
1334	2.407788038253784
1335	2.2203025817871094
1336	2.3845245838165283
1337	1.7787165641784668
1338	1.999129056930542
1339	2.189838409423828
1340	2.1077919006347656
1341	2.006483554840088
1342	2.090973138809204
1343	2.247058629989624
1344	2.8021059036254883
1345	2.030090808868408
1346	2.1243860721588135
1347	2.5892465114593506
1348	2.245091438293457
1349	2.036372423171997
1350	2.044196367263794
1351	1.7508457899093628
1352	1.7449294328689575
1353	2.359282970428467
1354	2.3990347385406494
1355	2.2240395545959473
1356	2.3931195735931396
1357	1.7836456298828125
1358	1.995598316192627
1359	2.2090940475463867
1360	2.085606813430786
1361	1.9950233697891235
1362	2.0632290840148926
1363	2.253131866455078
1364	2.7901134490966797
1365	2.010530471801758
1366	2.1010937690734863
1367	2.583855390548706
1368	2.2427923679351807
1369	2.044567823410034
1370	2.0527336597442627
1371	1.72714102268219
1372	1.7217323780059814
1373	2.353729009628296
1374	2.4104957580566406
1375	2.1982316970825195
1376	2.414472818374634
1377	1.7625744342803955
1378	1.9930461645126343
1379	2.186218500137329
1380	2.1005725860595703
1381	2.018901824951172
1382	2.087451696395874
1383	2.2886431217193604
1384	2.796813726425171
1385	2.0257081985473633
1386	2.0969648361206055
1387	2.5976359844207764
1388	2.2601563930511475
1389	2.062718152999878
1390	2.084023952484131
1391	1.7561135292053223
1392	1.723860740661621
1393	2.386691093444824
1394	2.4299235343933105
1395	2.206176996231079
1396	2.443171262741089
1397	1.7684741020202637
1398	2.0140066146850586
1399	2.1977450847625732
1400	2.0964407920837402
1401	2.016340494155884
1402	2.0864391326904297
1403	2.264232873916626
1404	2.809251308441162
1405	2.015005588531494
1406	2.137510061264038
1407	2.5825772285461426
1408	2.2462098598480225
1409	2.053356647491455
1410	2.0398809909820557
1411	1.750562071800232
1412	1.7472339868545532
1413	2.3641765117645264
1414	2.3983871936798096
1415	2.2235288619995117
1416	2.399352550506592
1417	1.7851613759994507
1418	1.9985394477844238
1419	2.2107646465301514
1420	2.109513521194458
1421	2.0180506706237793
1422	2.0926308631896973
1423	2.2828474044799805
1424	2.801483154296875
1425	2.0336196422576904
1426	2.1169204711914062
1427	2.61251163482666
1428	2.2657470703125
1429	2.0739684104919434
1430	2.0739173889160156
1431	1.7560440301895142
1432	1.72527015209198
1433	2.386646270751953
1434	2.4297842979431152
1435	2.2383310794830322
1436	2.4390082359313965
1437	1.7786872386932373
1438	2.023402214050293
1439	2.2058613300323486
1440	2.0994012355804443
1441	2.0231707096099854
1442	2.0846409797668457
1443	2.2770893573760986
1444	2.8265795707702637
1445	2.0301835536956787
1446	2.1401515007019043
1447	2.597917079925537
1448	2.250741720199585
1449	2.076819896697998
1450	2.0843658447265625
1451	1.753572940826416
1452	1.7592103481292725
1453	2.402217149734497
1454	2.4338486194610596
1455	2.2414357662200928
1456	2.42810320854187
1457	1.7957874536514282
1458	2.0211548805236816
1459	2.2398760318756104
1460	2.1036486625671387
1461	2.015019416809082
1462	2.0843827724456787
1463	2.267611265182495
1464	2.8075287342071533
1465	2.0335631370544434
1466	2.1114656925201416
1467	2.604313850402832
1468	2.2568676471710205
1469	2.057807445526123
1470	2.0583112239837646
1471	1.7461808919906616
1472	1.7332261800765991
1473	2.365618944168091
1474	2.428908109664917
1475	2.221034526824951
1476	2.4261162281036377
1477	1.7852107286453247
1478	2.022413969039917
1479	2.222691059112549
1480	2.096261739730835
1481	2.0003371238708496
1482	2.0658390522003174
1483	2.2490737438201904
1484	2.8094940185546875
1485	2.0249297618865967
1486	2.088531255722046
1487	2.5827133655548096
1488	2.243706703186035
1489	2.051753282546997
1490	2.0673139095306396
1491	1.7204324007034302
1492	1.7300478219985962
1493	2.3627333641052246
1494	2.435002326965332
1495	2.189971446990967
1496	2.416447877883911
1497	1.790035605430603
1498	2.010843515396118
1499	2.215125799179077
1500	2.10483455657959
1501	2.016897439956665
1502	2.0765485763549805
1503	2.271977186203003
1504	2.807875156402588
1505	2.032259702682495
1506	2.1022963523864746
1507	2.6017284393310547
1508	2.247921943664551
1509	2.0674614906311035
1510	2.07539701461792
1511	1.737714409828186
1512	1.7341045141220093
1513	2.3744733333587646
1514	2.417269706726074
1515	2.2152960300445557
1516	2.4346532821655273
1517	1.779970645904541
1518	2.0094380378723145
1519	2.2341437339782715
1520	2.104382038116455
1521	1.998167872428894
1522	2.0951626300811768
1523	2.253244400024414
1524	2.7933762073516846
1525	2.021317481994629
1526	2.1024396419525146
1527	2.5774240493774414
1528	2.224601984024048
1529	2.0651755332946777
1530	2.059309482574463
1531	1.767711877822876
1532	1.732086420059204
1533	2.3726119995117188
1534	2.3879857063293457
1535	2.214543104171753
1536	2.4029603004455566
1537	1.7823303937911987
1538	1.9928407669067383
1539	2.211561441421509
1540	2.100677251815796
1541	2.0040762424468994
1542	2.078014612197876
1543	2.257124423980713
1544	2.8025405406951904
1545	2.0235302448272705
1546	2.1088342666625977
1547	2.5924675464630127
1548	2.2415268421173096
1549	2.0608646869659424
1550	2.067704677581787
1551	1.7518811225891113
1552	1.7408579587936401
1553	2.3571815490722656
1554	2.4087014198303223
1555	2.206096887588501
1556	2.4061737060546875
1557	1.78074312210083
1558	2.003300428390503
1559	2.1967334747314453
1560	2.1127989292144775
1561	2.003352403640747
1562	2.102184295654297
1563	2.261920690536499
1564	2.7990078926086426
1565	2.045511484146118
1566	2.09661602973938
1567	2.607560873031616
1568	2.23630952835083
1569	2.084562301635742
1570	2.0700931549072266
1571	1.782462477684021
1572	1.7193595170974731
1573	2.390812397003174
1574	2.407749652862549
1575	2.2243332862854004
1576	2.428441286087036
1577	1.7980599403381348
1578	2.010737419128418
1579	2.244819164276123
1580	2.100191593170166
1581	2.0093259811401367
1582	2.0669050216674805
1583	2.2600691318511963
1584	2.8125407695770264
1585	2.014033555984497
1586	2.10225248336792
1587	2.5802412033081055
1588	2.244349241256714
1589	2.05645751953125
1590	2.081019401550293
1591	1.7292932271957397
1592	1.7306640148162842
1593	2.378612518310547
1594	2.4073991775512695
1595	2.221975564956665
1596	2.4340991973876953
1597	1.7888426780700684
1598	2.0072085857391357
1599	2.214561700820923
1600	2.10703706741333
1601	2.001317262649536
1602	2.089840888977051
1603	2.262695074081421
1604	2.8118174076080322
1605	2.030442953109741
1606	2.1387484073638916
1607	2.5928144454956055
1608	2.2545578479766846
1609	2.063208818435669
1610	2.047159194946289
1611	1.744737148284912
1612	1.7444709539413452
1613	2.382124900817871
1614	2.408276081085205
1615	2.227773666381836
1616	2.412496566772461
1617	1.7889994382858276
1618	2.0138463973999023
1619	2.225621461868286
1620	2.1092352867126465
1621	2.0185139179229736
1622	2.088765859603882
1623	2.2876975536346436
1624	2.809894561767578
1625	2.034996509552002
1626	2.1026864051818848
1627	2.6056771278381348
1628	2.268815517425537
1629	2.0644848346710205
1630	2.080965280532837
1631	1.7610697746276855
1632	1.7216764688491821
1633	2.3870744705200195
1634	2.4499456882476807
1635	2.2157580852508545
1636	2.439943552017212
1637	1.7843725681304932
1638	2.020552635192871
1639	2.1997509002685547
1640	2.1016950607299805
1641	2.002023458480835
1642	2.098895311355591
1643	2.266508102416992
1644	2.8119046688079834
1645	2.0343456268310547
1646	2.119293212890625
1647	2.6062204837799072
1648	2.2640883922576904
1649	2.06579327583313
1650	2.0607244968414307
1651	1.7663660049438477
1652	1.719012975692749
1653	2.3878674507141113
1654	2.4073874950408936
1655	2.2095744609832764
1656	2.4243061542510986
1657	1.789853572845459
1658	2.0072250366210938
1659	2.2207186222076416
1660	2.102576971054077
1661	2.0121066570281982
1662	2.081732988357544
1663	2.2642629146575928
1664	2.819587230682373
1665	2.034964084625244
1666	2.1151371002197266
1667	2.5993800163269043
1668	2.2529194355010986
1669	2.075542688369751
1670	2.0779805183410645
1671	1.7418744564056396
1672	1.7513511180877686
1673	2.379969358444214
1674	2.405186891555786
1675	2.2179229259490967
1676	2.437776803970337
1677	1.784990906715393
1678	2.017078161239624
1679	2.2108776569366455
1680	2.0920121669769287
1681	2.0126235485076904
1682	2.075191020965576
1683	2.2630462646484375
1684	2.8179190158843994
1685	2.02457332611084
1686	2.0946598052978516
1687	2.583991289138794
1688	2.24480938911438
1689	2.0736196041107178
1690	2.054375171661377
1691	1.725801944732666
1692	1.7174856662750244
1693	2.3824472427368164
1694	2.4145381450653076
1695	2.192715883255005
1696	2.4227938652038574
1697	1.7847765684127808
1698	2.006542682647705
1699	2.220390796661377
1700	2.0959322452545166
1701	2.0076212882995605
1702	2.105074644088745
1703	2.2589986324310303
1704	2.8070874214172363
1705	2.0283029079437256
1706	2.0768589973449707
1707	2.5792181491851807
1708	2.2196919918060303
1709	2.0572431087493896
1710	2.0565781593322754
1711	1.7874102592468262
1712	1.7067376375198364
1713	2.371492624282837
1714	2.3986124992370605
1715	2.1990091800689697
1716	2.3958051204681396
1717	1.795734167098999
1718	1.9998867511749268
1719	2.213644504547119
1720	2.122903347015381
1721	2.023589611053467
1722	2.1041204929351807
1723	2.2768404483795166
1724	2.8226425647735596
1725	2.0425007343292236
1726	2.1297872066497803
1727	2.611449956893921
1728	2.2660467624664307
1729	2.0714480876922607
1730	2.1038897037506104
1731	1.7691929340362549
1732	1.742568016052246
1733	2.4094622135162354
1734	2.429034471511841
1735	2.2609167098999023
1736	2.4466631412506104
1737	1.783208966255188
1738	2.022047996520996
1739	2.211834192276001
1740	2.1025607585906982
1741	2.009875774383545
1742	2.0821542739868164
1743	2.268880844116211
1744	2.819378614425659
1745	2.033353328704834
1746	2.1311802864074707
1747	2.5840091705322266
1748	2.2553868293762207
1749	2.047442674636841
1750	2.058485507965088
1751	1.7404897212982178
1752	1.7541202306747437
1753	2.3792834281921387
1754	2.4078657627105713
1755	2.2383012771606445
1756	2.414592742919922
1757	1.7827908992767334
1758	2.015380620956421
1759	2.1719589233398438
1760	2.1138477325439453
1761	2.0376667976379395
1762	2.0999393463134766
1763	2.2836380004882812
1764	2.8247294425964355
1765	2.035933256149292
1766	2.1022870540618896
1767	2.5901591777801514
1768	2.240358829498291
1769	2.068176031112671
1770	2.0821290016174316
1771	1.7757867574691772
1772	1.7478139400482178
1773	2.3783013820648193
1774	2.4179883003234863
1775	2.220200300216675
1776	2.4277639389038086
1777	1.787580132484436
1778	2.0132944583892822
1779	2.213955879211426
1780	2.0984461307525635
1781	2.0090906620025635
1782	2.0854902267456055
1783	2.2673730850219727
1784	2.810558557510376
1785	2.030553102493286
1786	2.1215567588806152
1787	2.5914676189422607
1788	2.2544848918914795
1789	2.057925224304199
1790	2.0776541233062744
1791	1.7513883113861084
1792	1.7360838651657104
1793	2.3936100006103516
1794	2.4122657775878906
1795	2.237255334854126
1796	2.4533936977386475
1797	1.7719707489013672
1798	2.0133626461029053
1799	2.1813838481903076
1800	2.118544101715088
1801	2.0247385501861572
1802	2.092118978500366
1803	2.2802584171295166
1804	2.806682825088501
1805	2.0355708599090576
1806	2.137949228286743
1807	2.6034092903137207
1808	2.267075300216675
1809	2.05534029006958
1810	2.080770254135132
1811	1.7309672832489014
1812	1.7706475257873535
1813	2.389492988586426
1814	2.4291179180145264
1815	2.242586851119995
1816	2.439039945602417
1817	1.7760943174362183
1818	2.014463424682617
1819	2.1775503158569336
1820	2.1023528575897217
1821	1.999659538269043
1822	2.083254337310791
1823	2.2587547302246094
1824	2.8057310581207275
1825	2.018244981765747
1826	2.1123576164245605
1827	2.5799691677093506
1828	2.235795497894287
1829	2.0673012733459473
1830	2.0841360092163086
1831	1.7455801963806152
1832	1.7390217781066895
1833	2.3898656368255615
1834	2.4021589756011963
1835	2.225109100341797
1836	2.4312164783477783
1837	1.7780970335006714
1838	1.9982761144638062
1839	2.2040059566497803
1840	2.1040117740631104
1841	2.005361318588257
1842	2.0851283073425293
1843	2.2678356170654297
1844	2.8188858032226562
1845	2.0386698246002197
1846	2.107848644256592
1847	2.5911996364593506
1848	2.243865489959717
1849	2.0712597370147705
1850	2.0682456493377686
1851	1.7325866222381592
1852	1.7455264329910278
1853	2.384653091430664
1854	2.4261527061462402
1855	2.2178292274475098
1856	2.4282357692718506
1857	1.7927203178405762
1858	2.0161726474761963
1859	2.2085154056549072
1860	2.103306770324707
1861	2.020838737487793
1862	2.1074278354644775
1863	2.274238348007202
1864	2.8209550380706787
1865	2.032853126525879
1866	2.1242215633392334
1867	2.584017753601074
1868	2.24038028717041
1869	2.0629236698150635
1870	2.0642549991607666
1871	1.754555583000183
1872	1.7560116052627563
1873	2.396301031112671
1874	2.4124081134796143
1875	2.230687379837036
1876	2.412268877029419
1877	1.7907142639160156
1878	2.014099597930908
1879	2.212851047515869
1880	2.1214051246643066
1881	2.0233380794525146
1882	2.0988333225250244
1883	2.2769551277160645
1884	2.8283941745758057
1885	2.0500600337982178
1886	2.124511480331421
1887	2.6098473072052
1888	2.2709240913391113
1889	2.0657899379730225
1890	2.070401906967163
1891	1.755957841873169
1892	1.7321900129318237
1893	2.386899948120117
1894	2.441995143890381
1895	2.235170602798462
1896	2.4340462684631348
1897	1.7973908185958862
1898	2.032318353652954
1899	2.224857807159424
1900	2.1232268810272217
1901	2.02728533744812
1902	2.1078124046325684
1903	2.2820937633514404
1904	2.838763475418091
1905	2.049675941467285
1906	2.1332955360412598
1907	2.617427349090576
1908	2.287912607192993
1909	2.0673623085021973
1910	2.080820322036743
1911	1.7695013284683228
1912	1.7343677282333374
1913	2.3950769901275635
1914	2.433401346206665
1915	2.2279317378997803
1916	2.4510724544525146
1917	1.8090934753417969
1918	2.0336410999298096
1919	2.23093318939209
1920	2.1174118518829346
1921	2.0309691429138184
1922	2.105790138244629
1923	2.2926201820373535
1924	2.8451926708221436
1925	2.056119203567505
1926	2.121249198913574
1927	2.6195449829101562
1928	2.282233715057373
1929	2.0925791263580322
1930	2.0875511169433594
1931	1.76032292842865
1932	1.7357077598571777
1933	2.4041595458984375
1934	2.460697889328003
1935	2.23647403717041
1936	2.4630331993103027
1937	1.8033266067504883
1938	2.045863628387451
1939	2.2329232692718506
1940	2.1067183017730713
1941	2.0261902809143066
1942	2.097736120223999
1943	2.2914392948150635
1944	2.836747646331787
1945	2.050708770751953
1946	2.113037586212158
1947	2.624728202819824
1948	2.274034261703491
1949	2.081610918045044
1950	2.103682518005371
1951	1.755751132965088
1952	1.7270541191101074
1953	2.4022271633148193
1954	2.4505207538604736
1955	2.2312445640563965
1956	2.4662935733795166
1957	1.797874927520752
1958	2.0356099605560303
1959	2.224091053009033
1960	2.1221675872802734
1961	2.0271575450897217
1962	2.1088035106658936
1963	2.272585153579712
1964	2.8334078788757324
1965	2.0520999431610107
1966	2.1024534702301025
1967	2.609253406524658
1968	2.2475874423980713
1969	2.084360122680664
1970	2.1190860271453857
1971	1.7635347843170166
1972	1.7389824390411377
1973	2.402883768081665
1974	2.4322080612182617
1975	2.2413434982299805
1976	2.449143886566162
1977	1.8055634498596191
1978	2.0090951919555664
1979	2.2509989738464355
1980	2.1090760231018066
1981	2.020014524459839
1982	2.09475040435791
1983	2.2866480350494385
1984	2.8389132022857666
1985	2.0392985343933105
1986	2.119048595428467
1987	2.6081457138061523
1988	2.2604265213012695
1989	2.0840046405792236
1990	2.0744400024414062
1991	1.75290846824646
1992	1.7432761192321777
1993	2.3814022541046143
1994	2.4358127117156982
1995	2.210240364074707
1996	2.4521396160125732
1997	1.8100162744522095
1998	2.032902240753174
1999	2.216115951538086
2000	2.113417148590088
2001	2.0346615314483643
2002	2.1047582626342773
2003	2.3124260902404785
2004	2.842977285385132
2005	2.064465284347534
2006	2.117622137069702
2007	2.6437642574310303
2008	2.2771201133728027
2009	2.1051111221313477
2010	2.1023707389831543
2011	1.7799456119537354
2012	1.749902367591858
2013	2.4148759841918945
2014	2.4549686908721924
2015	2.23416805267334
2016	2.4781196117401123
2017	1.7995423078536987
2018	2.0510876178741455
2019	2.2341415882110596
2020	2.1035513877868652
2021	2.0258901119232178
2022	2.0934715270996094
2023	2.274003267288208
2024	2.8307290077209473
2025	2.0475618839263916
2026	2.140878200531006
2027	2.6022908687591553
2028	2.255591869354248
2029	2.0706770420074463
2030	2.0579209327697754
2031	1.7601330280303955
2032	1.7587945461273193
2033	2.383004903793335
2034	2.423933506011963
2035	2.230708599090576
2036	2.443126916885376
2037	1.7900317907333374
2038	2.0381548404693604
2039	2.192716360092163
2040	2.114823818206787
2041	2.0300328731536865
2042	2.0950348377227783
2043	2.2825217247009277
2044	2.8443734645843506
2045	2.0558547973632812
2046	2.1347100734710693
2047	2.6155381202697754
2048	2.257662057876587
2049	2.0930964946746826
2050	2.085059642791748
2051	1.7420276403427124
2052	1.7579905986785889
2053	2.4015839099884033
2054	2.4305591583251953
2055	2.2584056854248047
2056	2.4601683616638184
2057	1.8036845922470093
2058	2.0394649505615234
2059	2.230320692062378
2060	2.1115829944610596
2061	2.0231401920318604
2062	2.0989959239959717
2063	2.285287618637085
2064	2.8442957401275635
2065	2.042196035385132
2066	2.108710765838623
2067	2.6029276847839355
2068	2.243020534515381
2069	2.096198558807373
2070	2.1009881496429443
2071	1.769278883934021
2072	1.7356278896331787
2073	2.4176042079925537
2074	2.4442923069000244
2075	2.229456901550293
2076	2.4442548751831055
2077	1.8141483068466187
2078	2.0218722820281982
2079	2.2411015033721924
2080	2.1016547679901123
2081	2.0190892219543457
2082	2.097503662109375
2083	2.2777698040008545
2084	2.825054407119751
2085	2.0363729000091553
2086	2.144686698913574
2087	2.6071672439575195
2088	2.2544021606445312
2089	2.0832743644714355
2090	2.08089017868042
2091	1.7734936475753784
2092	1.755534291267395
2093	2.3943424224853516
2094	2.415867805480957
2095	2.2312135696411133
2096	2.441160202026367
2097	1.7897861003875732
2098	2.025308132171631
2099	2.226994752883911
2100	2.1115283966064453
2101	2.022238254547119
2102	2.099637508392334
2103	2.2744510173797607
2104	2.846886157989502
2105	2.0494425296783447
2106	2.172281503677368
2107	2.6161117553710938
2108	2.2680561542510986
2109	2.0755763053894043
2110	2.0979108810424805
2111	1.7723071575164795
2112	1.764162302017212
2113	2.406667709350586
2114	2.4379687309265137
2115	2.2365939617156982
2116	2.4293782711029053
2117	1.8222841024398804
2118	2.0294411182403564
2119	2.2376112937927246
2120	2.124892473220825
2121	2.0400800704956055
2122	2.1087546348571777
2123	2.2966461181640625
2124	2.8562161922454834
2125	2.056168794631958
2126	2.1403465270996094
2127	2.6290791034698486
2128	2.272448778152466
2129	2.097424268722534
2130	2.0995633602142334
2131	1.7530794143676758
2132	1.7618521451950073
2133	2.413701057434082
2134	2.438981771469116
2135	2.254464864730835
2136	2.4709901809692383
2137	1.8175921440124512
2138	2.0406837463378906
2139	2.2363295555114746
2140	2.112229347229004
2141	2.0339980125427246
2142	2.0835888385772705
2143	2.277172565460205
2144	2.8431124687194824
2145	2.0435800552368164
2146	2.1525652408599854
2147	2.6079118251800537
2148	2.2527265548706055
2149	2.0855319499969482
2150	2.0999341011047363
2151	1.7365459203720093
2152	1.7859699726104736
2153	2.399554967880249
2154	2.4247941970825195
2155	2.2579355239868164
2156	2.4476327896118164
2157	1.7974319458007812
2158	2.0314581394195557
2159	2.212460517883301
2160	2.1139674186706543
2161	2.020587205886841
2162	2.105442523956299
2163	2.28190016746521
2164	2.81197452545166
2165	2.0469462871551514
2166	2.1290791034698486
2167	2.6048378944396973
2168	2.247713327407837
2169	2.0744266510009766
2170	2.063432455062866
2171	1.7766791582107544
2172	1.7493139505386353
2173	2.3819961547851562
2174	2.414588451385498
2175	2.229395627975464
2176	2.4246084690093994
2177	1.7932813167572021
2178	2.031127691268921
2179	2.2160232067108154
2180	2.1141915321350098
2181	2.027981758117676
2182	2.1031970977783203
2183	2.2832751274108887
2184	2.8496224880218506
2185	2.0568912029266357
2186	2.12882399559021
2187	2.61476993560791
2188	2.2654967308044434
2189	2.0796890258789062
2190	2.0850915908813477
2191	1.7534065246582031
2192	1.7505418062210083
2193	2.4101827144622803
2194	2.4546027183532715
2195	2.241574287414551
2196	2.4421727657318115
2197	1.8032063245773315
2198	2.032748222351074
2199	2.2201242446899414
2200	2.1102004051208496
2201	2.026904344558716
2202	2.098721742630005
2203	2.3019723892211914
2204	2.8408517837524414
2205	2.056974172592163
2206	2.127295970916748
2207	2.623379707336426
2208	2.2746760845184326
2209	2.0806727409362793
2210	2.0944015979766846
2211	1.7355670928955078
2212	1.7668391466140747
2213	2.4084019660949707
2214	2.465219020843506
2215	2.2431581020355225
2216	2.463751792907715
2217	1.8013145923614502
2218	2.0481128692626953
2219	2.2160871028900146
2220	2.126035213470459
2221	2.0312509536743164
2222	2.1126739978790283
2223	2.294306993484497
2224	2.8401472568511963
2225	2.0578622817993164
2226	2.124215841293335
2227	2.6294050216674805
2228	2.279939651489258
2229	2.0792155265808105
2230	2.119062662124634
2231	1.7718411684036255
2232	1.7541499137878418
2233	2.397413730621338
2234	2.448227643966675
2235	2.2377448081970215
2236	2.477752447128296
2237	1.8112540245056152
2238	2.0443763732910156
2239	2.2317309379577637
2240	2.102175235748291
2241	2.010936975479126
2242	2.101515054702759
2243	2.2867610454559326
2244	2.8191792964935303
2245	2.0595827102661133
2246	2.107499837875366
2247	2.618271827697754
2248	2.25894832611084
2249	2.088247537612915
2250	2.0815510749816895
2251	1.7762829065322876
2252	1.735077142715454
2253	2.416591167449951
2254	2.428194046020508
2255	2.232166290283203
2256	2.452178716659546
2257	1.7963672876358032
2258	2.032693862915039
2259	2.23717999458313
2260	2.1138901710510254
2261	2.007995128631592
2262	2.1129415035247803
2263	2.280635356903076
2264	2.8182268142700195
2265	2.050320863723755
2266	2.134213924407959
2267	2.61079478263855
2268	2.269946575164795
2269	2.065330743789673
2270	2.09542179107666
2271	1.7859625816345215
2272	1.7380346059799194
2273	2.4108386039733887
2274	2.421565055847168
2275	2.233546018600464
2276	2.433112859725952
2277	1.7945836782455444
2278	2.017543315887451
2279	2.2277233600616455
2280	2.1084823608398438
2281	2.0087339878082275
2282	2.1077470779418945
2283	2.268260955810547
2284	2.832928419113159
2285	2.0472073554992676
2286	2.1208455562591553
2287	2.5980184078216553
2288	2.2449545860290527
2289	2.0766096115112305
2290	2.080355167388916
2291	1.7707304954528809
2292	1.746928095817566
2293	2.402933120727539
2294	2.415052652359009
2295	2.230755567550659
2296	2.4363503456115723
2297	1.8052327632904053
2298	2.0215415954589844
2299	2.226362705230713
2300	2.1168079376220703
2301	2.030117988586426
2302	2.131679058074951
2303	2.308140754699707
2304	2.862236261367798
2305	2.0733137130737305
2306	2.1513471603393555
2307	2.6321330070495605
2308	2.2891950607299805
2309	2.089404344558716
2310	2.0973095893859863
2311	1.7805800437927246
2312	1.755605697631836
2313	2.4380931854248047
2314	2.474736213684082
2315	2.233729839324951
2316	2.4563257694244385
2317	1.8213125467300415
2318	2.048093557357788
2319	2.2527222633361816
2320	2.115751028060913
2321	2.0248219966888428
2322	2.1113126277923584
2323	2.2840962409973145
2324	2.8376142978668213
2325	2.041670799255371
2326	2.1386775970458984
2327	2.6116111278533936
2328	2.2651615142822266
2329	2.0687990188598633
2330	2.0996556282043457
2331	1.7597084045410156
2332	1.7657309770584106
2333	2.4012367725372314
2334	2.4360435009002686
2335	2.2343316078186035
2336	2.4323103427886963
2337	1.8044720888137817
2338	2.0196187496185303
2339	2.209151268005371
2340	2.115621328353882
2341	2.0251502990722656
2342	2.1059093475341797
2343	2.280855894088745
2344	2.827579975128174
2345	2.0426700115203857
2346	2.1460418701171875
2347	2.604004144668579
2348	2.25766658782959
2349	2.0709145069122314
2350	2.0618748664855957
2351	1.7459938526153564
2352	1.7773096561431885
2353	2.3920388221740723
2354	2.421743869781494
2355	2.2517266273498535
2356	2.4258975982666016
2357	1.791628360748291
2358	2.022979259490967
2359	2.2040841579437256
2360	2.1227521896362305
2361	2.0370028018951416
2362	2.1112587451934814
2363	2.2903084754943848
2364	2.8276500701904297
2365	2.057631015777588
2366	2.1235291957855225
2367	2.62288236618042
2368	2.2672765254974365
2369	2.0899860858917236
2370	2.088552236557007
2371	1.8023476600646973
2372	1.7482705116271973
2373	2.403376579284668
2374	2.4353487491607666
2375	2.248898506164551
2376	2.462209939956665
2377	1.7936369180679321
2378	2.045408010482788
2379	2.210392475128174
2380	2.103693962097168
2381	2.0337905883789062
2382	2.1012461185455322
2383	2.3006765842437744
2384	2.839130163192749
2385	2.05586576461792
2386	2.127190113067627
2387	2.6297719478607178
2388	2.2649996280670166
2389	2.0990641117095947
2390	2.092844009399414
2391	1.7605503797531128
2392	1.7643852233886719
2393	2.4108035564422607
2394	2.440062999725342
2395	2.242830753326416
2396	2.483353614807129
2397	1.7966424226760864
2398	2.0457239151000977
2399	2.226222276687622
2400	2.1205315589904785
2401	2.0253665447235107
2402	2.1263387203216553
2403	2.300816774368286
2404	2.824108362197876
2405	2.069340944290161
2406	2.1228153705596924
2407	2.618504047393799
2408	2.250194549560547
2409	2.096599817276001
2410	2.0673720836639404
2411	1.7897108793258667
2412	1.7658909559249878
2413	2.418595314025879
2414	2.423023223876953
2415	2.233170747756958
2416	2.4465646743774414
2417	1.7934364080429077
2418	2.0415050983428955
2419	2.2280659675598145
2420	2.118610143661499
2421	2.0203096866607666
2422	2.0978751182556152
2423	2.2939858436584473
2424	2.838149070739746
2425	2.0482988357543945
2426	2.130408763885498
2427	2.6244397163391113
2428	2.2551071643829346
2429	2.102341651916504
2430	2.111574411392212
2431	1.7572675943374634
2432	1.7675455808639526
2433	2.426114559173584
2434	2.4468491077423096
2435	2.2403335571289062
2436	2.461150884628296
2437	1.7884180545806885
2438	2.0383388996124268
2439	2.199766159057617
2440	2.1057097911834717
2441	2.03170108795166
2442	2.097585439682007
2443	2.2943530082702637
2444	2.85050368309021
2445	2.055872917175293
2446	2.1171417236328125
2447	2.6252498626708984
2448	2.276421546936035
2449	2.0885066986083984
2450	2.100275754928589
2451	1.7691154479980469
2452	1.741743564605713
2453	2.411045789718628
2454	2.452406644821167
2455	2.2281665802001953
2456	2.477628231048584
2457	1.7982425689697266
2458	2.039862871170044
2459	2.2232847213745117
2460	2.1219208240509033
2461	2.027263879776001
2462	2.1056950092315674
2463	2.284050703048706
2464	2.844923734664917
2465	2.053129196166992
2466	2.136094331741333
2467	2.620995283126831
2468	2.267580032348633
2469	2.084254026412964
2470	2.092576503753662
2471	1.764662265777588
2472	1.7696532011032104
2473	2.404907464981079
2474	2.4492027759552
2475	2.231961250305176
2476	2.443016529083252
2477	1.8084304332733154
2478	2.0301430225372314
2479	2.2247540950775146
2480	2.1299936771392822
2481	2.0280253887176514
2482	2.1287310123443604
2483	2.283224105834961
2484	2.8378243446350098
2485	2.062302589416504
2486	2.119986057281494
2487	2.6221389770507812
2488	2.263920783996582
2489	2.087716817855835
2490	2.0943005084991455
2491	1.7728943824768066
2492	1.7548506259918213
2493	2.412692070007324
2494	2.4437150955200195
2495	2.2478079795837402
2496	2.447648286819458
2497	1.8064097166061401
2498	2.030951499938965
2499	2.225942850112915
2500	2.1132161617279053
2501	2.0346217155456543
2502	2.111346960067749
2503	2.300645351409912
2504	2.8367321491241455
2505	2.053975820541382
2506	2.1362433433532715
2507	2.6221392154693604
2508	2.2513256072998047
2509	2.0865638256073
2510	2.0893714427948
2511	1.7696566581726074
2512	1.7690794467926025
2513	2.4247019290924072
2514	2.4279322624206543
2515	2.254995346069336
2516	2.457118272781372
2517	1.790658950805664
2518	2.0424625873565674
2519	2.244201421737671
2520	2.114574909210205
2521	2.0264389514923096
2522	2.0905520915985107
2523	2.288550615310669
2524	2.8450682163238525
2525	2.03999662399292
2526	2.1331992149353027
2527	2.6172852516174316
2528	2.2758495807647705
2529	2.0918779373168945
2530	2.083484649658203
2531	1.7555639743804932
2532	1.764312744140625
2533	2.4056637287139893
2534	2.4478471279144287
2535	2.229612350463867
2536	2.453071117401123
2537	1.7930934429168701
2538	2.044318914413452
2539	2.2201499938964844
2540	2.0930254459381104
2541	2.0137991905212402
2542	2.0892927646636963
2543	2.271669864654541
2544	2.818037748336792
2545	2.031569004058838
2546	2.1136128902435303
2547	2.597341537475586
2548	2.252195358276367
2549	2.06169056892395
2550	2.0743203163146973
2551	1.7439996004104614
2552	1.7389243841171265
2553	2.394552707672119
2554	2.430387020111084
2555	2.2315895557403564
2556	2.4287796020507812
2557	1.789454698562622
2558	2.0157346725463867
2559	2.2162888050079346
2560	2.12524151802063
2561	2.0400946140289307
2562	2.12766432762146
2563	2.2866053581237793
2564	2.8588995933532715
2565	2.0596489906311035
2566	2.1423821449279785
2567	2.6197898387908936
2568	2.249516725540161
2569	2.096346855163574
2570	2.0718393325805664
2571	1.7953871488571167
2572	1.7617992162704468
2573	2.420283555984497
2574	2.4262282848358154
2575	2.2483737468719482
2576	2.4440860748291016
2577	1.8259375095367432
2578	2.0413901805877686
2579	2.2579002380371094
2580	2.1128273010253906
2581	2.028921604156494
2582	2.12823224067688
2583	2.290027618408203
2584	2.8390488624572754
2585	2.0527002811431885
2586	2.1322085857391357
2587	2.611362934112549
2588	2.26005482673645
2589	2.0880930423736572
2590	2.069965362548828
2591	1.7759373188018799
2592	1.7653828859329224
2593	2.4020514488220215
2594	2.4311208724975586
2595	2.2363414764404297
2596	2.4457452297210693
2597	1.7977045774459839
2598	2.0375518798828125
2599	2.226813554763794
2600	2.1263976097106934
2601	2.0140380859375
2602	2.1152377128601074
2603	2.2648420333862305
2604	2.8256471157073975
2605	2.0529558658599854
2606	2.1588990688323975
2607	2.622349977493286
2608	2.278761863708496
2609	2.0634703636169434
2610	2.0711236000061035
2611	1.763877272605896
2612	1.7695647478103638
2613	2.3822085857391357
2614	2.4313387870788574
2615	2.2389440536499023
2616	2.43167781829834
2617	1.8016854524612427
2618	2.0362632274627686
2619	2.191286325454712
2620	2.1329498291015625
2621	2.034243583679199
2622	2.125594139099121
2623	2.2997729778289795
2624	2.8295600414276123
2625	2.0722618103027344
2626	2.127101421356201
2627	2.638378620147705
2628	2.2686784267425537
2629	2.0863709449768066
2630	2.1063284873962402
2631	1.7761132717132568
2632	1.7526144981384277
2633	2.4087119102478027
2634	2.4505763053894043
2635	2.2576904296875
2636	2.466141939163208
2637	1.8013135194778442
2638	2.0517525672912598
2639	2.2354471683502197
2640	2.1227245330810547
2641	2.0215299129486084
2642	2.1251723766326904
2643	2.29620623588562
2644	2.832324266433716
2645	2.0600264072418213
2646	2.1437222957611084
2647	2.6206042766571045
2648	2.248077630996704
2649	2.084085464477539
2650	2.1061792373657227
2651	1.7903974056243896
2652	1.7763566970825195
2653	2.4183850288391113
2654	2.430838108062744
2655	2.248170852661133
2656	2.437657594680786
2657	1.8039846420288086
2658	2.039388656616211
2659	2.2110414505004883
2660	2.123656988143921
2661	2.0260543823242188
2662	2.1209702491760254
2663	2.2846686840057373
2664	2.822186231613159
2665	2.0588855743408203
2666	2.13029408454895
2667	2.6100058555603027
2668	2.2605278491973877
2669	2.0745627880096436
2670	2.0835256576538086
2671	1.7670347690582275
2672	1.7547485828399658
2673	2.4115195274353027
2674	2.4249017238616943
2675	2.255199909210205
2676	2.4374701976776123
2677	1.7888509035110474
2678	2.029909133911133
2679	2.221801519393921
2680	2.1128532886505127
2681	2.0280089378356934
2682	2.0997068881988525
2683	2.286917209625244
2684	2.837743043899536
2685	2.0452511310577393
2686	2.1458077430725098
2687	2.6194114685058594
2688	2.2732133865356445
2689	2.0817904472351074
2690	2.1025450229644775
2691	1.7631254196166992
2692	1.7690439224243164
2693	2.3969147205352783
2694	2.436756134033203
2695	2.2526683807373047
2696	2.470128297805786
2697	1.8044836521148682
2698	2.0505034923553467
2699	2.2006454467773438
2700	2.120563507080078
2701	2.0394299030303955
2702	2.119629383087158
2703	2.302339553833008
2704	2.854379653930664
2705	2.0675058364868164
2706	2.1277389526367188
2707	2.623404026031494
2708	2.260977029800415
2709	2.104006290435791
2710	2.0838022232055664
2711	1.7605149745941162
2712	1.7544794082641602
2713	2.426947593688965
2714	2.439979076385498
2715	2.2497315406799316
2716	2.4566876888275146
2717	1.8096822500228882
2718	2.045107126235962
2719	2.25480055809021
2720	2.113556146621704
2721	2.0348410606384277
2722	2.1084394454956055
2723	2.290281057357788
2724	2.842731475830078
2725	2.054482936859131
2726	2.131469964981079
2727	2.6237616539001465
2728	2.280531883239746
2729	2.065887212753296
2730	2.0945749282836914
2731	1.7598170042037964
2732	1.7576760053634644
2733	2.392517328262329
2734	2.4618992805480957
2735	2.2373242378234863
2736	2.448791742324829
2737	1.801140308380127
2738	2.0445427894592285
2739	2.218879222869873
2740	2.115234136581421
2741	2.0302562713623047
2742	2.121429920196533
2743	2.2892706394195557
2744	2.8366875648498535
2745	2.059187650680542
2746	2.1207427978515625
2747	2.612138509750366
2748	2.255113124847412
2749	2.083420991897583
2750	2.0736145973205566
2751	1.7736124992370605
2752	1.7601127624511719
2753	2.3953697681427
2754	2.434650421142578
2755	2.2375495433807373
2756	2.4402897357940674
2757	1.810725212097168
2758	2.040869951248169
2759	2.2049779891967773
2760	2.1100382804870605
2761	2.019829034805298
2762	2.1046788692474365
2763	2.256129026412964
2764	2.833223581314087
2765	2.0536437034606934
2766	2.13541579246521
2767	2.5946688652038574
2768	2.231632947921753
2769	2.0738794803619385
2770	2.066389560699463
2771	1.7494510412216187
2772	1.7739567756652832
2773	2.389329671859741
2774	2.4032480716705322
2775	2.2465028762817383
2776	2.4173271656036377
2777	1.8080259561538696
2778	2.0223629474639893
2779	2.2182979583740234
2780	2.1113271713256836
2781	2.03167986869812
2782	2.103079319000244
2783	2.284677028656006
2784	2.8417797088623047
2785	2.051077127456665
2786	2.1226401329040527
2787	2.6221723556518555
2788	2.25956130027771
2789	2.091350555419922
2790	2.1039202213287354
2791	1.7577407360076904
2792	1.7489290237426758
2793	2.4287948608398438
2794	2.440866470336914
2795	2.239588499069214
2796	2.452519655227661
2797	1.812363624572754
2798	2.0238356590270996
2799	2.2475812435150146
2800	2.1248865127563477
2801	2.029750347137451
2802	2.12241530418396
2803	2.2871477603912354
2804	2.83791184425354
2805	2.0676112174987793
2806	2.1343026161193848
2807	2.6181445121765137
2808	2.259495735168457
2809	2.0903143882751465
2810	2.0980937480926514
2811	1.7795623540878296
2812	1.7576276063919067
2813	2.424971342086792
2814	2.4338631629943848
2815	2.2567152976989746
2816	2.456585168838501
2817	1.8118937015533447
2818	2.0406734943389893
2819	2.241236686706543
2820	2.1157329082489014
2821	2.0230276584625244
2822	2.112398862838745
2823	2.284005880355835
2824	2.835040330886841
2825	2.054619550704956
2826	2.1268131732940674
2827	2.609351396560669
2828	2.2627034187316895
2829	2.0805249214172363
2830	2.1007649898529053
2831	1.7491495609283447
2832	1.7571237087249756
2833	2.4169669151306152
2834	2.430574417114258
2835	2.250074863433838
2836	2.4439988136291504
2837	1.8065540790557861
2838	2.0235962867736816
2839	2.2361555099487305
2840	2.1230311393737793
2841	2.035428285598755
2842	2.101593494415283
2843	2.2822554111480713
2844	2.833872079849243
2845	2.0525989532470703
2846	2.1540331840515137
2847	2.6169140338897705
2848	2.2404658794403076
2849	2.087644577026367
2850	2.0934901237487793
2851	1.7593976259231567
2852	1.7938339710235596
2853	2.414595365524292
2854	2.4170453548431396
2855	2.274634599685669
2856	2.434738874435425
2857	1.7966101169586182
2858	2.0340046882629395
2859	2.235501527786255
2860	2.1340043544769287
2861	2.047872543334961
2862	2.113027572631836
2863	2.3151333332061768
2864	2.852590322494507
2865	2.069868326187134
2866	2.1234800815582275
2867	2.6309094429016113
2868	2.2615511417388916
2869	2.1218554973602295
2870	2.0990209579467773
2871	1.7736274003982544
2872	1.7730469703674316
2873	2.429198980331421
2874	2.4480085372924805
2875	2.2606959342956543
2876	2.4781572818756104
2877	1.8055793046951294
2878	2.0550315380096436
2879	2.244629144668579
2880	2.124191999435425
2881	2.0291295051574707
2882	2.103919267654419
2883	2.2868757247924805
2884	2.846750259399414
2885	2.0592873096466064
2886	2.158172845840454
2887	2.627887010574341
2888	2.2710695266723633
2889	2.095841407775879
2890	2.0863168239593506
2891	1.7636228799819946
2892	1.7778902053833008
2893	2.4065792560577393
2894	2.429764986038208
2895	2.256417989730835
2896	2.4501216411590576
2897	1.8099948167800903
2898	2.0472159385681152
2899	2.221837043762207
2900	2.129936456680298
2901	2.0366835594177246
2902	2.129009485244751
2903	2.3023667335510254
2904	2.843647003173828
2905	2.0724093914031982
2906	2.136993646621704
2907	2.64375638961792
2908	2.2832601070404053
2909	2.0829575061798096
2910	2.094074010848999
2911	1.7916535139083862
2912	1.746917724609375
2913	2.4178638458251953
2914	2.4607129096984863
2915	2.2493104934692383
2916	2.4491310119628906
2917	1.8058356046676636
2918	2.045229911804199
2919	2.229947566986084
2920	2.136089563369751
2921	2.0281527042388916
2922	2.12080717086792
2923	2.2893526554107666
2924	2.836134910583496
2925	2.069019079208374
2926	2.1379711627960205
2927	2.627316474914551
2928	2.2613906860351562
2929	2.0943915843963623
2930	2.088362455368042
2931	1.7859846353530884
2932	1.7626147270202637
2933	2.4215292930603027
2934	2.433882236480713
2935	2.2589614391326904
2936	2.446582794189453
2937	1.8062124252319336
2938	2.0398006439208984
2939	2.2481584548950195
2940	2.129457473754883
2941	2.024888038635254
2942	2.109497308731079
2943	2.2823050022125244
2944	2.8461790084838867
2945	2.051740884780884
2946	2.113586664199829
2947	2.6278812885284424
2948	2.27478289604187
2949	2.0802953243255615
2950	2.1222097873687744
2951	1.792677640914917
2952	1.7357803583145142
2953	2.411648988723755
2954	2.443715810775757
2955	2.2296838760375977
2956	2.4673290252685547
2957	1.8144471645355225
2958	2.0318994522094727
2959	2.2268786430358887
2960	2.1385035514831543
2961	2.0443115234375
2962	2.1147849559783936
2963	2.2858495712280273
2964	2.8622374534606934
2965	2.0621354579925537
2966	2.1712191104888916
2967	2.6313536167144775
2968	2.266629219055176
2969	2.0922296047210693
2970	2.1067421436309814
2971	1.765874981880188
2972	1.799067735671997
2973	2.4134185314178467
2974	2.4341349601745605
2975	2.2735939025878906
2976	2.4497663974761963
2977	1.8180021047592163
2978	2.0425944328308105
2979	2.2351646423339844
2980	2.1215028762817383
2981	2.0342907905578613
2982	2.112820625305176
2983	2.294416666030884
2984	2.8332953453063965
2985	2.049940347671509
2986	2.1253809928894043
2987	2.6222522258758545
2988	2.263770818710327
2989	2.079969644546509
2990	2.1132988929748535
2991	1.7519567012786865
2992	1.7490593194961548
2993	2.412309408187866
2994	2.450413465499878
2995	2.2491066455841064
2996	2.4597551822662354
2997	1.8074007034301758
2998	2.03302001953125
2999	2.2556169033050537
3000	2.104174852371216
3001	2.035961389541626
3002	2.115431785583496
3003	2.290627956390381
3004	2.853398084640503
3005	2.050875663757324
3006	2.1433939933776855
3007	2.6224074363708496
3008	2.2769765853881836
3009	2.0867116451263428
3010	2.0858545303344727
3011	1.7692897319793701
3012	1.7602356672286987
3013	2.414552927017212
3014	2.4589006900787354
3015	2.2516372203826904
3016	2.459794044494629
3017	1.8113130331039429
3018	2.0495762825012207
3019	2.2161691188812256
3020	2.108006000518799
3021	2.011748790740967
3022	2.105142116546631
3023	2.279311180114746
3024	2.8155689239501953
3025	2.0545849800109863
3026	2.120579719543457
3027	2.614262104034424
3028	2.2377116680145264
3029	2.0898993015289307
3030	2.0780951976776123
3031	1.7950310707092285
3032	1.7365210056304932
3033	2.4138832092285156
3034	2.416492223739624
3035	2.241593837738037
3036	2.4434545040130615
3037	1.792151689529419
3038	2.031733989715576
3039	2.2293286323547363
3040	2.1255366802215576
3041	2.0366592407226562
3042	2.1112191677093506
3043	2.2909607887268066
3044	2.838742971420288
3045	2.0666298866271973
3046	2.1285529136657715
3047	2.624783754348755
3048	2.253803014755249
3049	2.086808204650879
3050	2.0859217643737793
3051	1.7722452878952026
3052	1.7702903747558594
3053	2.4089248180389404
3054	2.434631586074829
3055	2.250458002090454
3056	2.4522218704223633
3057	1.8118929862976074
3058	2.0404574871063232
3059	2.235773801803589
3060	2.14224910736084
3061	2.025437593460083
3062	2.1234610080718994
3063	2.3015472888946533
3064	2.8221888542175293
3065	2.073697566986084
3066	2.130906820297241
3067	2.6468594074249268
3068	2.2811598777770996
3069	2.1064043045043945
3070	2.097097635269165
3071	1.801438331604004
3072	1.7581270933151245
3073	2.4048197269439697
3074	2.439835548400879
3075	2.25490665435791
3076	2.4859321117401123
3077	1.8039103746414185
3078	2.06697678565979
3079	2.217571973800659
3080	2.1206562519073486
3081	2.035268545150757
3082	2.1174705028533936
3083	2.299311876296997
3084	2.8263747692108154
3085	2.0700957775115967
3086	2.124880790710449
3087	2.62483286857605
3088	2.269423246383667
3089	2.0893266201019287
3090	2.0773231983184814
3091	1.7763557434082031
3092	1.748002529144287
3093	2.4134135246276855
3094	2.437093496322632
3095	2.241171360015869
3096	2.4655466079711914
3097	1.7949717044830322
3098	2.050208806991577
3099	2.226576328277588
3100	2.1303632259368896
3101	2.042403221130371
3102	2.124927043914795
3103	2.2995505332946777
3104	2.8617827892303467
3105	2.068850040435791
3106	2.1477882862091064
3107	2.6328203678131104
3108	2.288005828857422
3109	2.0994107723236084
3110	2.0986247062683105
3111	1.7684653997421265
3112	1.7559913396835327
3113	2.4293150901794434
3114	2.470243215560913
3115	2.263028383255005
3116	2.464418888092041
3117	1.8234727382659912
3118	2.0573902130126953
3119	2.242033004760742
3120	2.118717670440674
3121	2.020986557006836
3122	2.1078379154205322
3123	2.2973735332489014
3124	2.8371422290802
3125	2.058553457260132
3126	2.1234419345855713
3127	2.6194007396698
3128	2.282940149307251
3129	2.0787510871887207
3130	2.0995023250579834
3131	1.7755097150802612
3132	1.7475104331970215
3133	2.408254861831665
3134	2.461554527282715
3135	2.2248387336730957
3136	2.4597179889678955
3137	1.8104201555252075
3138	2.0370123386383057
3139	2.2137088775634766
3140	2.120978832244873
3141	2.0342445373535156
3142	2.100154399871826
3143	2.290355682373047
3144	2.8464677333831787
3145	2.064234972000122
3146	2.1490771770477295
3147	2.6287522315979004
3148	2.2819297313690186
3149	2.0800087451934814
3150	2.07869815826416
3151	1.7519879341125488
3152	1.7679749727249146
3153	2.4036734104156494
3154	2.4421803951263428
3155	2.2506089210510254
3156	2.4659712314605713
3157	1.7912523746490479
3158	2.0489115715026855
3159	2.2173571586608887
3160	2.129847288131714
3161	2.05609393119812
3162	2.12427020072937
3163	2.3035550117492676
3164	2.8902852535247803
3165	2.0736429691314697
3166	2.153149127960205
3167	2.636559009552002
3168	2.287200689315796
3169	2.095522165298462
3170	2.1219000816345215
3171	1.7752574682235718
3172	1.7715317010879517
3173	2.4527995586395264
3174	2.4799156188964844
3175	2.26678729057312
3176	2.4715359210968018
3177	1.8426096439361572
3178	2.0568339824676514
3179	2.257338285446167
3180	2.114224910736084
3181	2.0332436561584473
3182	2.112635612487793
3183	2.285257339477539
3184	2.842595338821411
3185	2.051152229309082
3186	2.1425671577453613
3187	2.6252474784851074
3188	2.278846502304077
3189	2.0808866024017334
3190	2.09183931350708
3191	1.7879877090454102
3192	1.74635648727417
3193	2.414140224456787
3194	2.4476401805877686
3195	2.250413179397583
3196	2.4610095024108887
3197	1.8074836730957031
3198	2.0432987213134766
3199	2.2193074226379395
3200	2.1358797550201416
3201	2.0435614585876465
3202	2.125596284866333
3203	2.3073318004608154
3204	2.8535709381103516
3205	2.0700602531433105
3206	2.155273675918579
3207	2.639934778213501
3208	2.2892744541168213
3209	2.101238489151001
3210	2.085853338241577
3211	1.770526647567749
3212	1.7824831008911133
3213	2.418017625808716
3214	2.458362579345703
3215	2.250972032546997
3216	2.464162826538086
3217	1.8099027872085571
3218	2.0566391944885254
3219	2.2231733798980713
3220	2.1332461833953857
3221	2.032215118408203
3222	2.1392719745635986
3223	2.300701856613159
3224	2.828184127807617
3225	2.075739860534668
3226	2.1507728099823
3227	2.623677968978882
3228	2.253267765045166
3229	2.099107027053833
3230	2.066925525665283
3231	1.808639645576477
3232	1.7734709978103638
3233	2.421518325805664
3234	2.422191619873047
3235	2.2555360794067383
3236	2.441652536392212
3237	1.8085947036743164
3238	2.0449368953704834
3239	2.2369821071624756
3240	2.112788200378418
3241	2.0309414863586426
3242	2.130359172821045
3243	2.29196834564209
3244	2.8383982181549072
3245	2.0600979328155518
3246	2.1121318340301514
3247	2.6130542755126953
3248	2.2551281452178955
3249	2.07877779006958
3250	2.084569215774536
3251	1.779353380203247
3252	1.7522543668746948
3253	2.402292490005493
3254	2.444145441055298
3255	2.232278347015381
3256	2.4451234340667725
3257	1.808031439781189
3258	2.034759998321533
3259	2.2133500576019287
3260	2.1105458736419678
3261	2.043705940246582
3262	2.1036388874053955
3263	2.306124687194824
3264	2.83844256401062
3265	2.054694175720215
3266	2.1331231594085693
3267	2.6214585304260254
3268	2.2544047832489014
3269	2.08424711227417
3270	2.102914333343506
3271	1.7741299867630005
3272	1.7798701524734497
3273	2.4084179401397705
3274	2.4389758110046387
3275	2.235943555831909
3276	2.4637341499328613
3277	1.7974770069122314
3278	2.042294979095459
3279	2.2256736755371094
3280	2.108936071395874
3281	2.0284807682037354
3282	2.0953996181488037
3283	2.2909772396087646
3284	2.8384571075439453
3285	2.0546586513519287
3286	2.133241891860962
3287	2.617860794067383
3288	2.2692880630493164
3289	2.080015182495117
3290	2.091824531555176
3291	1.7487400770187378
3292	1.7534897327423096
3293	2.418177604675293
3294	2.4468467235565186
3295	2.246791362762451
3296	2.4750888347625732
3297	1.789745569229126
3298	2.036616802215576
3299	2.208425998687744
3300	2.117738962173462
3301	2.0377211570739746
3302	2.1204545497894287
3303	2.296612501144409
3304	2.83853816986084
3305	2.0673718452453613
3306	2.123461961746216
3307	2.622408866882324
3308	2.2743163108825684
3309	2.0717341899871826
3310	2.0689873695373535
3311	1.7870888710021973
3312	1.7408655881881714
3313	2.4044198989868164
3314	2.463639974594116
3315	2.2204856872558594
3316	2.436445474624634
3317	1.8000400066375732
3318	2.0468270778656006
3319	2.218656301498413
3320	2.126262664794922
3321	2.031524896621704
3322	2.1131980419158936
3323	2.2889208793640137
3324	2.837719202041626
3325	2.070181369781494
3326	2.1456830501556396
3327	2.6302268505096436
3328	2.273169755935669
3329	2.079167604446411
3330	2.101905107498169
3331	1.7390114068984985
3332	1.779907464981079
3333	2.4039056301116943
3334	2.4491970539093018
3335	2.264810085296631
3336	2.471132278442383
3337	1.800726294517517
3338	2.053276777267456
3339	2.2252416610717773
3340	2.123142957687378
3341	2.0239224433898926
3342	2.124758005142212
3343	2.287015438079834
3344	2.8399407863616943
3345	2.0594918727874756
3346	2.132415533065796
3347	2.613764524459839
3348	2.26804256439209
3349	2.074410915374756
3350	2.0989344120025635
3351	1.7655935287475586
3352	1.7492451667785645
3353	2.421267032623291
3354	2.446235418319702
3355	2.2478716373443604
3356	2.4482345581054688
3357	1.8068525791168213
3358	2.02414608001709
3359	2.23460054397583
3360	2.1168057918548584
3361	2.0294060707092285
3362	2.0985188484191895
3363	2.298597574234009
3364	2.8437438011169434
3365	2.0533740520477295
3366	2.156313419342041
3367	2.6274752616882324
3368	2.2725698947906494
3369	2.095846652984619
3370	2.095658779144287
3371	1.766865611076355
3372	1.7793055772781372
3373	2.4202940464019775
3374	2.4451076984405518
3375	2.2421770095825195
3376	2.4608840942382812
3377	1.7927217483520508
3378	2.046302556991577
3379	2.2116754055023193
3380	2.124805212020874
3381	2.0252511501312256
3382	2.1129000186920166
3383	2.2966599464416504
3384	2.836178779602051
3385	2.060878038406372
3386	2.13101863861084
3387	2.631925582885742
3388	2.2669143676757812
3389	2.085904359817505
3390	2.1177310943603516
3391	1.7824455499649048
3392	1.7622655630111694
3393	2.417011260986328
3394	2.4565482139587402
3395	2.2425200939178467
3396	2.4659273624420166
3397	1.8035558462142944
3398	2.0429129600524902
3399	2.20756196975708
3400	2.126171112060547
3401	2.0331268310546875
3402	2.113496780395508
3403	2.282219648361206
3404	2.8380353450775146
3405	2.059485912322998
3406	2.151017904281616
3407	2.618098258972168
3408	2.2481977939605713
3409	2.0806193351745605
3410	2.0832207202911377
3411	1.787044882774353
3412	1.7759356498718262
3413	2.410301923751831
3414	2.430027723312378
3415	2.2574057579040527
3416	2.4326369762420654
3417	1.8057011365890503
3418	2.044792413711548
3419	2.222303628921509
3420	2.1272270679473877
3421	2.0279223918914795
3422	2.1134581565856934
3423	2.281049966812134
3424	2.840660810470581
3425	2.059434413909912
3426	2.1655781269073486
3427	2.6197500228881836
3428	2.2767536640167236
3429	2.059589385986328
3430	2.0759403705596924
3431	1.7804466485977173
3432	1.7704068422317505
3433	2.3957555294036865
3434	2.429351568222046
3435	2.2457797527313232
3436	2.4381256103515625
3437	1.8056641817092896
3438	2.0359609127044678
3439	2.20753812789917
3440	2.1104249954223633
3441	2.0343008041381836
3442	2.103172779083252
3443	2.279728412628174
3444	2.847177028656006
3445	2.0496249198913574
3446	2.144885540008545
3447	2.6100659370422363
3448	2.2507731914520264
3449	2.0778517723083496
3450	2.101463794708252
3451	1.7486958503723145
3452	1.770189642906189
3453	2.403339147567749
3454	2.439337968826294
3455	2.2531936168670654
3456	2.447920560836792
3457	1.8050220012664795
3458	2.031731367111206
3459	2.219987392425537
3460	2.1431663036346436
3461	2.044567823410034
3462	2.1441080570220947
3463	2.3079323768615723
3464	2.849498987197876
3465	2.087719202041626
3466	2.1366631984710693
3467	2.6409249305725098
3468	2.2819337844848633
3469	2.09462833404541
3470	2.0648181438446045
3471	1.7971298694610596
3472	1.7479522228240967
3473	2.4104983806610107
3474	2.4498705863952637
3475	2.2493577003479004
3476	2.4667696952819824
3477	1.8182443380355835
3478	2.0678212642669678
3479	2.2211050987243652
3480	2.117574453353882
3481	2.028172731399536
3482	2.1145503520965576
3483	2.2859280109405518
3484	2.8407180309295654
3485	2.0595297813415527
3486	2.1508371829986572
3487	2.61806321144104
3488	2.261608362197876
3489	2.080843210220337
3490	2.063095808029175
3491	1.771114468574524
3492	1.7726093530654907
3493	2.3978874683380127
3494	2.4343714714050293
3495	2.2520883083343506
3496	2.4436917304992676
3497	1.8124980926513672
3498	2.043503999710083
3499	2.201803207397461
3500	2.12211275100708
3501	2.018054723739624
3502	2.106405735015869
3503	2.2871835231781006
3504	2.8293895721435547
3505	2.051572322845459
3506	2.1567957401275635
3507	2.628586769104004
3508	2.266055107116699
3509	2.0980706214904785
3510	2.093623161315918
3511	1.7810988426208496
3512	1.7774144411087036
3513	2.413437843322754
3514	2.43327260017395
3515	2.248727560043335
3516	2.4519004821777344
3517	1.7975244522094727
3518	2.0370965003967285
3519	2.199522018432617
3520	2.1272084712982178
3521	2.0375733375549316
3522	2.1268553733825684
3523	2.3103718757629395
3524	2.841085910797119
3525	2.07661771774292
3526	2.1428780555725098
3527	2.6404924392700195
3528	2.2583792209625244
3529	2.1058645248413086
3530	2.099012613296509
3531	1.7937893867492676
3532	1.768588900566101
3533	2.428821086883545
3534	2.4407918453216553
3535	2.270771026611328
3536	2.46386456489563
3537	1.8014085292816162
3538	2.059185028076172
3539	2.228402853012085
3540	2.1172022819519043
3541	2.0173966884613037
3542	2.1126277446746826
3543	2.2730023860931396
3544	2.8332297801971436
3545	2.059123992919922
3546	2.147836685180664
3547	2.615546703338623
3548	2.261362314224243
3549	2.077301025390625
3550	2.0891027450561523
3551	1.7439565658569336
3552	1.7735878229141235
3553	2.405521869659424
3554	2.4383559226989746
3555	2.2627017498016357
3556	2.440791130065918
3557	1.8055905103683472
3558	2.03444242477417
3559	2.219475030899048
3560	2.128364324569702
3561	2.0314738750457764
3562	2.134753942489624
3563	2.299107074737549
3564	2.845672369003296
3565	2.069689989089966
3566	2.1321027278900146
3567	2.620281457901001
3568	2.268773078918457
3569	2.0907511711120605
3570	2.060007095336914
3571	1.7786805629730225
3572	1.749596118927002
3573	2.4126780033111572
3574	2.441477060317993
3575	2.247365713119507
3576	2.4538936614990234
3577	1.8123797178268433
3578	2.0487239360809326
3579	2.242105722427368
3580	2.1387734413146973
3581	2.0523669719696045
3582	2.1268794536590576
3583	2.32466983795166
3584	2.857980251312256
3585	2.0699479579925537
3586	2.1136178970336914
3587	2.6268129348754883
3588	2.2652182579040527
3589	2.108248710632324
3590	2.14381742477417
3591	1.7859809398651123
3592	1.769273281097412
3593	2.4301154613494873
3594	2.467941999435425
3595	2.2516069412231445
3596	2.485264539718628
3597	1.812590479850769
3598	2.0517091751098633
3599	2.246227502822876
3600	2.1179962158203125
3601	2.033370018005371
3602	2.115673780441284
3603	2.2976341247558594
3604	2.8458328247070312
3605	2.0613834857940674
3606	2.150604248046875
3607	2.632195472717285
3608	2.2690656185150146
3609	2.1101233959198
3610	2.1106321811676025
3611	1.77152419090271
3612	1.7885557413101196
3613	2.4170749187469482
3614	2.4440670013427734
3615	2.26045298576355
3616	2.470717191696167
3617	1.8063502311706543
3618	2.0475237369537354
3619	2.240898609161377
3620	2.121804714202881
3621	2.0250680446624756
3622	2.1116230487823486
3623	2.270505428314209
3624	2.831961154937744
3625	2.0482137203216553
3626	2.149013042449951
3627	2.6100547313690186
3628	2.2376725673675537
3629	2.0817480087280273
3630	2.0908985137939453
3631	1.764173984527588
3632	1.7810492515563965
3633	2.401867389678955
3634	2.4124889373779297
3635	2.2624692916870117
3636	2.438385248184204
3637	1.7995799779891968
3638	2.0227980613708496
3639	2.2237548828125
3640	2.1273488998413086
3641	2.0419983863830566
3642	2.1271612644195557
3643	2.3085551261901855
3644	2.8416531085968018
3645	2.0722739696502686
3646	2.157113790512085
3647	2.628101110458374
3648	2.2812581062316895
3649	2.089508533477783
3650	2.0730061531066895
3651	1.7406526803970337
3652	1.782226800918579
3653	2.399414300918579
3654	2.4538183212280273
3655	2.2545742988586426
3656	2.4675002098083496
3657	1.7997256517410278
3658	2.057072401046753
3659	2.2097740173339844
3660	2.130919933319092
3661	2.034978151321411
3662	2.1144802570343018
3663	2.300412178039551
3664	2.8344898223876953
3665	2.0600624084472656
3666	2.1424193382263184
3667	2.629068374633789
3668	2.2894861698150635
3669	2.0716400146484375
3670	2.076880931854248
3671	1.7766947746276855
3672	1.7542928457260132
3673	2.389943838119507
3674	2.4443459510803223
3675	2.2414920330047607
3676	2.4665496349334717
3677	1.7949705123901367
3678	2.0569028854370117
3679	2.196007251739502
3680	2.119218587875366
3681	2.0305309295654297
3682	2.0838582515716553
3683	2.2873995304107666
3684	2.8636786937713623
3685	2.0596113204956055
3686	2.144951105117798
3687	2.6199710369110107
3688	2.2806689739227295
3689	2.095693588256836
3690	2.101588249206543
3691	1.7314845323562622
3692	1.7819733619689941
3693	2.4067721366882324
3694	2.4548401832580566
3695	2.2480838298797607
3696	2.4728081226348877
3697	1.8172285556793213
3698	2.051461935043335
3699	2.2205986976623535
3700	2.1190621852874756
3701	2.023777723312378
3702	2.118044853210449
3703	2.2993416786193848
3704	2.830885648727417
3705	2.066596508026123
3706	2.140540599822998
3707	2.6320388317108154
3708	2.2635657787323
3709	2.0993878841400146
3710	2.090069055557251
3711	1.7906770706176758
3712	1.761698603630066
3713	2.4170889854431152
3714	2.4245951175689697
3715	2.2569382190704346
3716	2.4797234535217285
3717	1.7944698333740234
3718	2.0574684143066406
3719	2.227999448776245
3720	2.1219050884246826
3721	2.0247349739074707
3722	2.1044538021087646
3723	2.285233736038208
3724	2.84264874458313
3725	2.069009780883789
3726	2.138648509979248
3727	2.6257755756378174
3728	2.2647132873535156
3729	2.102940320968628
3730	2.0648958683013916
3731	1.7678194046020508
3732	1.7548754215240479
3733	2.415687322616577
3734	2.4338433742523193
3735	2.2565011978149414
3736	2.4598493576049805
3737	1.8018267154693604
3738	2.054919958114624
3739	2.2405102252960205
3740	2.1273608207702637
3741	2.042135000228882
3742	2.128424644470215
3743	2.3093295097351074
3744	2.8487510681152344
3745	2.0795791149139404
3746	2.14432954788208
3747	2.6477131843566895
3748	2.2674927711486816
3749	2.1084864139556885
3750	2.0966525077819824
3751	1.7947076559066772
3752	1.777590274810791
3753	2.4296090602874756
3754	2.4486513137817383
3755	2.2578117847442627
3756	2.4781334400177
3757	1.8081213235855103
3758	2.061307907104492
3759	2.2312846183776855
3760	2.1210172176361084
3761	2.0373823642730713
3762	2.1259984970092773
3763	2.291239023208618
3764	2.833868980407715
3765	2.0768048763275146
3766	2.1211040019989014
3767	2.6214280128479004
3768	2.240107297897339
3769	2.0935983657836914
3770	2.072680950164795
3771	1.7836865186691284
3772	1.761372447013855
3773	2.3951992988586426
3774	2.418336868286133
3775	2.253337860107422
3776	2.4513649940490723
3777	1.8050397634506226
3778	2.0548653602600098
3779	2.2337865829467773
3780	2.1236884593963623
3781	2.0331287384033203
3782	2.1249241828918457
3783	2.3038759231567383
3784	2.838263511657715
3785	2.071009397506714
3786	2.143536329269409
3787	2.6293201446533203
3788	2.2679107189178467
3789	2.0847132205963135
3790	2.0883965492248535
3791	1.7618966102600098
3792	1.7655386924743652
3793	2.415182590484619
3794	2.4541866779327393
3795	2.267338514328003
3796	2.4618661403656006
3797	1.8086140155792236
3798	2.053943395614624
3799	2.229450225830078
3800	2.120372772216797
3801	2.0202107429504395
3802	2.120230197906494
3803	2.293610095977783
3804	2.834794521331787
3805	2.064047336578369
3806	2.140897512435913
3807	2.620328903198242
3808	2.25423264503479
3809	2.100555419921875
3810	2.0810387134552
3811	1.7733588218688965
3812	1.7754918336868286
3813	2.409799337387085
3814	2.432603597640991
3815	2.2485945224761963
3816	2.4579265117645264
3817	1.808035135269165
3818	2.033919095993042
3819	2.213749408721924
3820	2.120384931564331
3821	2.0205600261688232
3822	2.120666980743408
3823	2.282468795776367
3824	2.8305089473724365
3825	2.063296318054199
3826	2.137084484100342
3827	2.6350531578063965
3828	2.2678160667419434
3829	2.079852342605591
3830	2.0984833240509033
3831	1.7926996946334839
3832	1.7436822652816772
3833	2.4169092178344727
3834	2.438561201095581
3835	2.2477900981903076
3836	2.4525012969970703
3837	1.8070341348648071
3838	2.0412402153015137
3839	2.2451727390289307
3840	2.132364273071289
3841	2.052747964859009
3842	2.1148924827575684
3843	2.306873083114624
3844	2.86686372756958
3845	2.0812675952911377
3846	2.1390342712402344
3847	2.6397674083709717
3848	2.2733402252197266
3849	2.1024692058563232
3850	2.0920186042785645
3851	1.7590104341506958
3852	1.7677929401397705
3853	2.4194037914276123
3854	2.4616312980651855
3855	2.259876012802124
3856	2.4850776195526123
3857	1.8116765022277832
3858	2.0673372745513916
3859	2.23953914642334
3860	2.126734972000122
3861	2.04384708404541
3862	2.1420199871063232
3863	2.312439203262329
3864	2.8651046752929688
3865	2.0857698917388916
3866	2.1304333209991455
3867	2.6451146602630615
3868	2.2802209854125977
3869	2.1002559661865234
3870	2.0744447708129883
3871	1.7976486682891846
3872	1.7631762027740479
3873	2.4089181423187256
3874	2.4648029804229736
3875	2.248582124710083
3876	2.4748053550720215
3877	1.8245497941970825
3878	2.0663650035858154
3879	2.231621742248535
3880	2.1228251457214355
3881	2.0482747554779053
3882	2.1253604888916016
3883	2.3189311027526855
3884	2.8633413314819336
3885	2.074434757232666
3886	2.137636661529541
3887	2.6320583820343018
3888	2.2622387409210205
3889	2.108663558959961
3890	2.0852572917938232
3891	1.7883131504058838
3892	1.7770129442214966
3893	2.424614191055298
3894	2.4492685794830322
3895	2.248866319656372
3896	2.472034454345703
3897	1.8204238414764404
3898	2.0640370845794678
3899	2.2463865280151367
3900	2.1307668685913086
3901	2.03362774848938
3902	2.1269567012786865
3903	2.289141893386841
3904	2.8354129791259766
3905	2.0653281211853027
3906	2.147847890853882
3907	2.6374194622039795
3908	2.2686281204223633
3909	2.074211597442627
3910	2.099616289138794
3911	1.7978358268737793
3912	1.7645264863967896
3913	2.403101682662964
3914	2.4406018257141113
3915	2.2580018043518066
3916	2.4435222148895264
3917	1.8039805889129639
3918	2.046726942062378
3919	2.2092156410217285
3920	2.136701822280884
3921	2.043236255645752
3922	2.1222331523895264
3923	2.3071839809417725
3924	2.8641581535339355
3925	2.0688939094543457
3926	2.157773017883301
3927	2.630521535873413
3928	2.265688180923462
3929	2.1108531951904297
3930	2.1143925189971924
3931	1.7699711322784424
3932	1.7918157577514648
3933	2.44638991355896
3934	2.4569284915924072
3935	2.2712647914886475
3936	2.477818250656128
3937	1.8125332593917847
3938	2.0467770099639893
3939	2.248157501220703
3940	2.1240248680114746
3941	2.0411453247070312
3942	2.117366313934326
3943	2.2938735485076904
3944	2.8485190868377686
3945	2.0586888790130615
3946	2.1552112102508545
3947	2.6205832958221436
3948	2.259814977645874
3949	2.0803775787353516
3950	2.0937366485595703
3951	1.7673038244247437
3952	1.783529281616211
3953	2.4084348678588867
3954	2.4404056072235107
3955	2.2501580715179443
3956	2.4536759853363037
3957	1.8101508617401123
3958	2.0339598655700684
3959	2.2265193462371826
3960	2.1214773654937744
3961	2.0307936668395996
3962	2.1118366718292236
3963	2.2854902744293213
3964	2.8477141857147217
3965	2.056987762451172
3966	2.1616263389587402
3967	2.6091883182525635
3968	2.262821674346924
3969	2.080989360809326
3970	2.104525327682495
3971	1.771597146987915
3972	1.7816472053527832
3973	2.4196436405181885
3974	2.4316110610961914
3975	2.2572765350341797
3976	2.4506425857543945
3977	1.8018102645874023
3978	2.033555030822754
3979	2.213285207748413
3980	2.1457953453063965
3981	2.0497400760650635
3982	2.149390459060669
3983	2.308241367340088
3984	2.8809657096862793
3985	2.090790033340454
3986	2.1654703617095947
3987	2.6458396911621094
3988	2.287022352218628
3989	2.1144838333129883
3990	2.0769989490509033
3991	1.7957737445831299
3992	1.7759402990341187
3993	2.428645610809326
3994	2.467061758041382
3995	2.251131296157837
3996	2.4767940044403076
3997	1.8445711135864258
3998	2.073345184326172
3999	2.2573487758636475
