BatchIdx	TrainPerBatchStd
0	0.3366691768169403
1	1.0491517782211304
2	0.5409961938858032
3	0.7707853317260742
4	0.6768749952316284
5	0.7243123650550842
6	0.7005110383033752
7	0.667585551738739
8	0.779879093170166
9	0.9173593521118164
10	0.9400124549865723
11	0.9673517346382141
12	1.0602726936340332
13	1.207314133644104
14	0.8880324363708496
15	1.1602399349212646
16	0.9660691022872925
17	1.3194984197616577
18	1.1417570114135742
19	1.1920523643493652
20	1.0075232982635498
21	0.9933923482894897
22	1.1578395366668701
23	1.0012929439544678
24	0.9712578058242798
25	1.2731274366378784
26	1.0902436971664429
27	1.1449800729751587
28	0.9430572986602783
29	1.2241814136505127
30	1.0115052461624146
31	1.3851563930511475
32	0.9258334040641785
33	0.8524564504623413
34	1.0986815690994263
35	0.9812507033348083
36	1.3079142570495605
37	1.22732675075531
38	0.8435063362121582
39	1.0905288457870483
40	1.0686935186386108
41	0.9869847297668457
42	1.0272517204284668
43	0.8764632940292358
44	0.9789687395095825
45	0.9513195753097534
46	0.9323195815086365
47	1.0293251276016235
48	1.021695852279663
49	0.9985913634300232
50	0.7546782493591309
51	0.9858211874961853
52	0.9401164650917053
53	0.8762718439102173
54	1.1288894414901733
55	1.1131646633148193
56	0.6503407955169678
57	0.9583979249000549
58	0.9462534189224243
59	1.1772651672363281
60	0.8393928408622742
61	0.9505842328071594
62	0.7598650455474854
63	1.0226984024047852
64	0.7641265988349915
65	0.7612256407737732
66	1.099783182144165
67	1.1532742977142334
68	0.783602774143219
69	0.6697733402252197
70	1.0653403997421265
71	0.8228031992912292
72	0.9420305490493774
73	1.0987894535064697
74	0.5738535523414612
75	0.840361475944519
76	0.8562259674072266
77	0.8930022120475769
78	0.6993866562843323
79	0.8713752031326294
80	1.0077406167984009
81	1.0324630737304688
82	1.1704529523849487
83	0.7630695700645447
84	0.8409823179244995
85	0.9624412655830383
86	0.8724517226219177
87	0.8539664149284363
88	1.0500339269638062
89	0.7151169180870056
90	0.77751624584198
91	1.076750636100769
92	0.8093286156654358
93	0.9704335927963257
94	0.477455735206604
95	0.9733077883720398
96	1.001491904258728
97	0.9009917974472046
98	0.8960154056549072
99	0.8176546096801758
100	0.7630515694618225
101	1.0500435829162598
102	0.7758901715278625
103	0.8768866658210754
104	1.2440227270126343
105	0.7862406373023987
106	0.6823750734329224
107	0.5522264838218689
108	1.2919950485229492
109	0.837775468826294
110	0.6441815495491028
111	0.6025094389915466
112	0.6525266766548157
113	0.6647809743881226
114	0.5385724306106567
115	0.7383703589439392
116	1.1314611434936523
117	1.1432641744613647
118	0.9037593007087708
119	1.188368797302246
120	0.7768328189849854
121	0.6444101929664612
122	0.46364113688468933
123	1.0922987461090088
124	0.7643533945083618
125	0.6644676327705383
126	0.9129983186721802
127	0.5651049613952637
128	0.5984064936637878
129	0.7139679789543152
130	0.7284711599349976
131	0.7886841297149658
132	0.7576895356178284
133	0.7854825258255005
134	0.8239820003509521
135	0.5424696207046509
136	0.8546667098999023
137	1.0945961475372314
138	0.669901430606842
139	0.7185114026069641
140	0.7548364400863647
141	0.7857593297958374
142	0.7785439491271973
143	0.20033390820026398
144	0.7686767578125
145	1.1378508806228638
146	0.8203591704368591
147	0.6855798363685608
148	0.9894524216651917
149	0.6785514950752258
150	0.4487141966819763
151	0.8991425037384033
152	0.6577857136726379
153	0.725726842880249
154	0.592571496963501
155	0.6779955625534058
156	0.7249221205711365
157	1.0042625665664673
158	0.6885469555854797
159	0.5028917789459229
160	0.5865528583526611
161	0.4191306233406067
162	0.5622762441635132
163	1.0610252618789673
164	0.7999098896980286
165	0.8617838025093079
166	0.8228289484977722
167	0.8314284086227417
168	0.7585760354995728
169	0.9061657190322876
170	0.4732869267463684
171	0.7059603333473206
172	0.6617476344108582
173	0.7102221846580505
174	0.4686005711555481
175	0.5471101403236389
176	0.81749427318573
177	0.8527916073799133
178	0.632959246635437
179	0.612353503704071
180	0.6987766027450562
181	0.5631393194198608
182	0.30995839834213257
183	0.728490948677063
184	0.3636227250099182
185	0.7104018330574036
186	0.43786370754241943
187	0.9717100858688354
188	0.7771977186203003
189	0.5405884385108948
190	0.8994571566581726
191	0.6875405311584473
192	0.6653317213058472
193	0.8519887924194336
194	0.6679442524909973
195	0.8676273822784424
196	0.6009123921394348
197	0.9434958100318909
198	0.5605423450469971
199	0.7401260137557983
200	0.5896552205085754
201	0.8739410042762756
202	0.7182352542877197
203	0.5396125912666321
204	0.5186917185783386
205	0.6135769486427307
206	0.5979936718940735
207	0.3611118793487549
208	0.8948462605476379
209	0.31931638717651367
210	0.6578963994979858
211	0.21487469971179962
212	0.3428889513015747
213	0.6521501541137695
214	0.2588987946510315
215	0.7102483510971069
216	0.41272881627082825
217	0.3381764888763428
218	0.24793559312820435
219	0.37273108959198
220	0.6272240877151489
221	0.4929223358631134
222	0.8867537975311279
223	0.4133741855621338
224	0.46910181641578674
225	0.09037188440561295
226	0.395875483751297
227	0.17386123538017273
228	0.6657930016517639
229	0.19362042844295502
230	0.7173714637756348
231	0.4958305358886719
232	0.4578257203102112
233	0.4472736418247223
234	0.6032811403274536
235	0.4122730791568756
236	0.42148730158805847
237	0.5248324275016785
238	0.6065014600753784
239	0.3500940203666687
240	0.7371330857276917
241	0.5190083980560303
242	0.4215215742588043
243	0.5531541109085083
244	0.45247769355773926
245	0.23246151208877563
246	0.12225459516048431
247	1.1049412488937378
248	0.7259218692779541
249	0.403058260679245
250	0.38968411087989807
251	0.46175122261047363
252	0.7327331900596619
253	0.4562103748321533
254	0.4185831546783447
255	0.2766133248806
256	0.39124763011932373
257	0.44440391659736633
258	0.4881160855293274
259	0.780585527420044
260	0.4477400481700897
261	0.42562949657440186
262	0.5094822645187378
263	0.446209579706192
264	0.7336468696594238
265	0.5815972685813904
266	0.37994229793548584
267	0.18508203327655792
268	0.2368994802236557
269	0.5703359246253967
270	0.5647416710853577
271	0.2733202278614044
272	0.44919654726982117
273	0.4031137228012085
274	0.8687682151794434
275	0.6917135119438171
276	0.2937946319580078
277	0.26784205436706543
278	0.634899914264679
279	0.5068291425704956
280	0.5958280563354492
281	0.4476003348827362
282	0.47816890478134155
283	0.17934852838516235
284	0.481638103723526
285	0.38707804679870605
286	0.5217989683151245
287	0.1711774319410324
288	0.4297983944416046
289	0.7226057648658752
290	0.7304156422615051
291	0.29682478308677673
292	0.1947689652442932
293	0.5067341923713684
294	0.3919947147369385
295	0.3107759952545166
296	0.711460292339325
297	0.7759445309638977
298	0.4422582685947418
299	0.17887957394123077
300	0.31405335664749146
301	0.5245318412780762
302	0.4415276348590851
303	0.6808176040649414
304	0.3927432596683502
305	0.5137068629264832
306	0.24537132680416107
307	0.5657442808151245
308	0.34566572308540344
309	0.6294850707054138
310	0.5591517090797424
311	0.22567611932754517
312	0.18261809647083282
313	0.7700064182281494
314	0.5945412516593933
315	0.17411021888256073
316	0.11172859370708466
317	0.13919641077518463
318	0.15906628966331482
319	0.46446529030799866
320	0.4053952991962433
321	0.8733495473861694
322	0.20356842875480652
323	0.2693118155002594
324	0.43947529792785645
325	0.4579576551914215
326	0.37086722254753113
327	0.4545866549015045
328	0.551206648349762
329	0.19160239398479462
330	0.22830843925476074
331	0.5513490438461304
332	0.6432745456695557
333	0.6322375535964966
334	0.30201584100723267
335	0.729027271270752
336	0.16609659790992737
337	0.6354951858520508
338	0.859515905380249
339	0.2101009637117386
340	0.2203540802001953
341	0.4615270793437958
342	0.8470043540000916
343	0.21350406110286713
344	0.670189380645752
345	0.3270222544670105
346	0.42178139090538025
347	0.6085609197616577
348	0.3972539007663727
349	0.6738657355308533
350	0.2398403286933899
351	0.881302535533905
352	0.655667245388031
353	0.567542552947998
354	0.3907850682735443
355	0.5988933444023132
356	0.5246111154556274
357	0.3557026982307434
358	0.3393763303756714
359	0.23412133753299713
360	0.21955187618732452
361	0.18672767281532288
362	0.6469218730926514
363	0.303290992975235
364	0.29472991824150085
365	0.6514265537261963
366	1.0368359088897705
367	0.469049334526062
368	0.2946760654449463
369	0.5792348980903625
370	0.8097736239433289
371	0.4139941930770874
372	0.2597973346710205
373	0.5964117050170898
374	0.5715529322624207
375	0.40019211173057556
376	0.6188145875930786
377	0.2642323672771454
378	0.6376209259033203
379	0.46912679076194763
380	0.3446778357028961
381	0.47976136207580566
382	0.37357237935066223
383	0.5865749716758728
384	0.6469316482543945
385	0.2505292594432831
386	0.5387641191482544
387	0.6481655240058899
388	0.3493000268936157
389	0.080522321164608
390	0.6447538137435913
391	0.6007242202758789
392	0.19700171053409576
393	0.41345518827438354
394	0.704376757144928
395	0.5610754489898682
396	0.42183974385261536
397	0.5790412425994873
398	0.3420865535736084
399	0.6578583121299744
400	0.2654172480106354
401	0.6691488027572632
402	0.3605724275112152
403	0.3576405346393585
404	0.7564342021942139
405	0.15563102066516876
406	0.18738137185573578
407	0.5819523334503174
408	0.4833073019981384
409	0.5419798493385315
410	0.301644891500473
411	0.5895037055015564
412	0.371430903673172
413	0.20370398461818695
414	0.26092803478240967
415	0.3512013256549835
416	0.4902564585208893
417	0.10931073129177094
418	0.5281198620796204
419	0.3126629889011383
420	0.1523512899875641
421	0.04814021661877632
422	0.12931683659553528
423	0.14182695746421814
424	0.1048942431807518
425	0.06470473855733871
426	0.15322566032409668
427	0.1774936467409134
428	0.14568233489990234
429	0.1448100060224533
430	0.34479036927223206
431	0.06996992230415344
432	0.2599829137325287
433	0.009129751473665237
434	0.31507691740989685
435	0.13526752591133118
436	0.059554748237133026
437	0.030297111719846725
438	0.2530900239944458
439	0.12969154119491577
440	0.18004414439201355
441	0.4487278163433075
442	0.3904956579208374
443	0.021954817697405815
444	0.2599692940711975
445	0.05786510929465294
446	0.11848988384008408
447	0.2721981704235077
448	0.231954887509346
449	0.10535237938165665
450	0.027073808014392853
451	0.4830915331840515
452	0.08782448619604111
453	0.38611721992492676
454	0.17562007904052734
455	0.0885925218462944
456	0.3420597016811371
457	0.14516513049602509
458	0.10209681838750839
459	0.5317813754081726
460	0.37433192133903503
461	0.4472661018371582
462	0.241282656788826
463	0.02227342315018177
464	0.13958029448986053
465	0.06223726645112038
466	0.45901113748550415
467	0.07755379378795624
468	0.07352981716394424
469	0.06755591928958893
470	0.432135671377182
471	0.42252787947654724
472	0.19668371975421906
473	0.6363887786865234
474	0.27519989013671875
475	0.18439432978630066
476	0.047775138169527054
477	0.1803394854068756
478	0.5384787321090698
479	0.32557713985443115
480	0.26144498586654663
481	0.24373500049114227
482	0.11342865973711014
483	0.4479789733886719
484	0.6560697555541992
485	0.14084479212760925
486	0.024200545623898506
487	0.5114522576332092
488	0.08788902312517166
489	0.38836434483528137
490	0.11280861496925354
491	0.10137312114238739
492	0.46974554657936096
493	0.5717322826385498
494	0.2955973148345947
495	0.44943320751190186
496	0.11298789829015732
497	0.025849342346191406
498	0.19768919050693512
499	0.2149699479341507
500	0.2321440875530243
501	0.5821962952613831
502	0.6163205504417419
503	0.23659579455852509
504	0.34772610664367676
505	0.14597547054290771
506	0.28138020634651184
507	0.4501456618309021
508	0.20394070446491241
509	0.22874999046325684
510	0.14127302169799805
511	0.05016940087080002
512	0.4194803833961487
513	0.1725141406059265
514	0.26664888858795166
515	0.4210810959339142
516	0.2991849482059479
517	0.244402676820755
518	0.17457298934459686
519	0.13773193955421448
520	0.3520173728466034
521	0.04985786974430084
522	0.24615690112113953
523	0.09477829933166504
524	0.29128339886665344
525	0.11542780697345734
526	0.4525609314441681
527	0.2067900151014328
528	0.039339710026979446
529	0.47874054312705994
530	0.6929762959480286
531	0.09888596087694168
532	0.12011408805847168
533	0.17340552806854248
534	0.2883339524269104
535	0.3955478072166443
536	0.19318215548992157
537	0.08297892659902573
538	0.163616344332695
539	0.44861525297164917
540	0.48067358136177063
541	0.36617809534072876
542	0.3825879991054535
543	0.5957468152046204
544	0.19611378014087677
545	0.6612058281898499
546	0.15545925498008728
547	0.7466052770614624
548	0.3931572735309601
549	0.19589021801948547
550	0.49951785802841187
551	0.4720757305622101
552	0.1448068916797638
553	0.2509501576423645
554	0.332131564617157
555	0.0781111940741539
556	0.0480831116437912
557	0.24592319130897522
558	0.5706556439399719
559	0.23805080354213715
560	0.09752009809017181
561	0.6173364520072937
562	0.2980240285396576
563	0.31745588779449463
564	0.19953091442584991
565	0.17303505539894104
566	0.5148747563362122
567	0.2212848663330078
568	0.3757873773574829
569	0.2688203454017639
570	0.06765598058700562
571	0.037135157734155655
572	0.7973886728286743
573	0.2575099468231201
574	0.6767539381980896
575	0.1735074669122696
576	0.368419885635376
577	0.29290810227394104
578	0.3836340010166168
579	0.5231509208679199
580	0.4099007844924927
581	0.15433083474636078
582	0.2069426327943802
583	0.40667617321014404
584	0.19264529645442963
585	0.15300343930721283
586	0.10752245783805847
587	0.06097724288702011
588	0.5640084147453308
589	0.06372320652008057
590	0.22394324839115143
591	0.31861576437950134
592	0.027049893513321877
593	0.690919041633606
594	0.6946421265602112
595	0.22114574909210205
596	0.24707765877246857
597	0.13940386474132538
598	0.4870408773422241
599	0.2749374210834503
600	0.5982918739318848
601	0.1545596420764923
602	0.29377710819244385
603	0.4330824613571167
604	0.2128761112689972
605	0.11711424589157104
606	0.04011185094714165
607	0.3181905448436737
608	0.14642789959907532
609	0.03844907879829407
610	0.6768604516983032
611	0.14808179438114166
612	0.49268606305122375
613	0.42886167764663696
614	0.11189597845077515
615	0.22967946529388428
616	0.03661702200770378
617	0.03542749956250191
618	0.20106914639472961
619	0.2123103141784668
620	0.42847347259521484
621	0.2895990312099457
622	0.22339877486228943
623	0.17276909947395325
624	0.09069813787937164
625	0.14281724393367767
626	0.39332127571105957
627	0.21808378398418427
628	0.12174476683139801
629	0.039639394730329514
630	0.005240475293248892
631	0.007575775496661663
632	0.001373239909298718
633	0.020915137603878975
634	0.04916216433048248
635	0.0031721333507448435
636	0.005930932238698006
637	0.013652123510837555
638	0.00790382456034422
639	0.025124168023467064
640	0.12988413870334625
641	0.0013300764840096235
642	0.02456279657781124
643	0.024443788453936577
644	0.004657167941331863
645	0.010540463030338287
646	0.0053117647767066956
647	0.05640106648206711
648	0.0028638809453696012
649	0.008652678690850735
650	0.009560465812683105
651	0.023143228143453598
652	0.09911835193634033
653	0.0028512123972177505
654	0.006496801041066647
655	0.13133515417575836
656	0.012091238051652908
657	0.1202625185251236
658	0.3592289686203003
659	0.395070880651474
660	0.0018640311900526285
661	0.005741947330534458
662	0.020008904859423637
663	0.008680315688252449
664	0.1659952700138092
665	0.12770916521549225
666	0.0016707138856872916
667	0.21567624807357788
668	0.0019909627735614777
669	0.004886693321168423
670	0.046604856848716736
671	0.13361778855323792
672	0.1870756894350052
673	0.013269072398543358
674	0.002371102338656783
675	0.0036899996921420097
676	0.010788029059767723
677	0.06472677737474442
678	0.4715113341808319
679	0.05965903773903847
680	0.07332650572061539
681	0.007464688271284103
682	0.1335151493549347
683	0.008488536812365055
684	0.015741968527436256
685	0.421688050031662
686	0.0027802782133221626
687	0.0009481466258876026
688	0.006037114653736353
689	0.06649693101644516
690	0.034232061356306076
691	0.0020694946870207787
692	0.0024684425443410873
693	0.003187670139595866
694	0.007328626699745655
695	0.02317998558282852
696	0.07255619764328003
697	0.31429722905158997
698	0.03408288583159447
699	0.07183028012514114
700	0.00880653690546751
701	0.015374819748103619
702	0.001442433218471706
703	0.0314985029399395
704	0.07618185132741928
705	0.011387684382498264
706	0.38946256041526794
707	0.07517480850219727
708	0.17191649973392487
709	0.023340176790952682
710	0.152627095580101
711	0.2733924090862274
712	0.010076760314404964
713	0.5313622355461121
714	0.021738342940807343
715	0.4988580346107483
716	0.005440565291792154
717	0.03863750770688057
718	0.009829740971326828
719	0.049903154373168945
720	0.06401801109313965
721	0.5256380438804626
722	0.025347335264086723
723	0.21268852055072784
724	0.45372679829597473
725	0.10678091645240784
726	0.059064555913209915
727	0.4384554624557495
728	0.0014550527557730675
729	0.010515304282307625
730	0.5089598894119263
731	0.2791348099708557
732	0.10335560142993927
733	0.04327517747879028
734	0.23318764567375183
735	0.00982939638197422
736	0.024009425193071365
737	0.1699724644422531
738	0.03448229655623436
739	0.005605997983366251
740	0.0018975407583639026
741	0.048755452036857605
742	0.028559936210513115
743	0.0029000078793615103
744	0.002597748301923275
745	0.3242248594760895
746	0.04119977727532387
747	0.4418584704399109
748	0.013138625770807266
749	0.10259883850812912
750	0.024341696873307228
751	0.004902304615825415
752	0.04677247628569603
753	0.2583102583885193
754	0.040612656623125076
755	0.027939697727560997
756	0.3859608769416809
757	0.022909851744771004
758	0.09732658416032791
759	0.09951549023389816
760	0.16391804814338684
761	0.033927783370018005
762	0.42389458417892456
763	0.007558969780802727
764	0.23818029463291168
765	0.0029516806825995445
766	0.07573579251766205
767	0.09015416353940964
768	0.043600115925073624
769	0.16250038146972656
770	0.002491347724571824
771	0.20507656037807465
772	0.25647440552711487
773	0.008081785403192043
774	0.0015097656287252903
775	0.17397257685661316
776	0.24310177564620972
777	0.039962008595466614
778	0.02151736244559288
779	0.0667046457529068
780	0.14196570217609406
781	0.005339367315173149
782	0.1375339776277542
783	0.0034107102546840906
784	0.3595905005931854
785	0.5144486427307129
786	0.08825662732124329
787	0.2987917959690094
788	0.07250139117240906
789	0.04364999383687973
790	0.10706125944852829
791	0.08465102314949036
792	0.3072679936885834
793	0.19021187722682953
794	0.13701651990413666
795	0.018232539296150208
796	0.03340306878089905
797	0.14320914447307587
798	0.08995230495929718
799	0.24017249047756195
800	0.007170218508690596
801	0.7601437568664551
802	0.015487579628825188
803	0.056938085705041885
804	0.06205792352557182
805	0.11865878850221634
806	0.5104292631149292
807	0.6255286335945129
808	0.008732176385819912
809	0.48699402809143066
810	0.03376982733607292
811	0.46201616525650024
812	0.00965050421655178
813	0.015697715803980827
814	0.023533686995506287
815	0.022897006943821907
816	0.3316221833229065
817	0.21569406986236572
818	0.10146857053041458
819	0.3177407383918762
820	0.022577285766601562
821	0.07020740211009979
822	0.451722115278244
823	0.013599541038274765
824	0.7317594289779663
825	0.30321452021598816
826	0.07987421751022339
827	0.13013620674610138
828	0.009794056415557861
829	0.1847507208585739
830	0.21782226860523224
831	0.03550933673977852
832	0.2026081383228302
833	0.47589391469955444
834	0.00978267565369606
835	0.01239174883812666
836	0.006920677609741688
837	0.006896390113979578
838	0.0066677844151854515
839	0.007729691918939352
840	0.0013494046870619059
841	0.09066153317689896
842	0.006425683386623859
843	0.002238520886749029
844	0.004804684314876795
845	0.01887555606663227
846	0.08916891366243362
847	0.007034474052488804
848	0.0009233042947016656
849	0.0011445567943155766
850	0.003505184082314372
851	0.0031221918761730194
852	0.0414084754884243
853	0.2828012704849243
854	0.00235687755048275
855	0.002310261595994234
856	0.000943394610658288
857	0.003221145598217845
858	0.005730792880058289
859	0.0014016518834978342
860	0.0036744363605976105
861	0.0007177350344136357
862	0.004274393897503614
863	0.0020477818325161934
864	0.0010632722405716777
865	0.0008647630456835032
866	0.0009760900866240263
867	0.0038268915377557278
868	0.0009002153528854251
869	0.0007600500248372555
870	0.0015204236842691898
871	0.0016151579329743981
872	0.0020095794461667538
873	0.0008922098204493523
874	0.0005475881043821573
875	0.0011224066838622093
876	0.0005782172083854675
877	0.0006905486807227135
878	0.00048640090972185135
879	0.0028136358596384525
880	0.0013047698885202408
881	0.0006602086359634995
882	0.0005235008429735899
883	0.0006481602322310209
884	0.0009661091607995331
885	0.00042230423423461616
886	0.0007804262568242848
887	0.0005346635007299483
888	0.028440173715353012
889	0.0007927524857223034
890	0.0006351793417707086
891	0.0011825570836663246
892	0.0011462857946753502
893	0.0006183967925608158
894	0.0007799658342264593
895	0.00047553417971357703
896	0.0004535631451290101
897	0.0012919214786961675
898	0.0011706477962434292
899	0.0007207884336821735
900	0.0006013217498548329
901	0.0015262693632394075
902	0.0007706310134381056
903	0.0009651954169385135
904	0.00103399355430156
905	0.0005793903837911785
906	0.0005377831403166056
907	0.0006103991181589663
908	0.002498689340427518
909	0.0006012592348270118
910	0.0005694367573596537
911	0.0004585529677569866
912	0.0010013584978878498
913	0.0002750604471657425
914	0.000498573761433363
915	0.0011740680783987045
916	0.0006071365205571055
917	0.0009826311143115163
918	0.0006493771797977388
919	0.0006927690701559186
920	0.0008353966404683888
921	0.00047528184950351715
922	0.000450161169283092
923	0.0006813922082073987
924	0.0006568562239408493
925	0.0005559824639931321
926	0.0007911231368780136
927	0.0004804347699973732
928	0.0006040476728230715
929	0.0033033816143870354
930	0.0006085768109187484
931	0.0013259564293548465
932	0.0003646631957963109
933	0.0006124763749539852
934	0.0019761216826736927
935	0.0006574118160642684
936	0.0005843022954650223
937	0.0005797215853817761
938	0.0015144108328968287
939	0.00045484243310056627
940	0.0005934344953857362
941	0.0011290432885289192
942	0.00035087490687146783
943	0.0005000298260711133
944	0.000608178146649152
945	0.0005093759391456842
946	0.00040597148472443223
947	0.0008175901602953672
948	0.0013325882609933615
949	0.0004949296126142144
950	0.0006940698367543519
951	0.0007437730091623962
952	0.00047965129488147795
953	0.004286975134164095
954	0.000423004268668592
955	0.0005229260423220694
956	0.0006099713500589132
957	0.0005237197619862854
958	0.0004926705150865018
959	0.0006840945570729673
960	0.00036552330129779875
961	0.0005722849164158106
962	0.0004134050977881998
963	0.0005262574995867908
964	0.0007237732643261552
965	0.0004056411562487483
966	0.0004148890729993582
967	0.0005142144509591162
968	0.0008067686576396227
969	0.000671469431836158
970	0.0003456049307715148
971	0.00044573034392669797
972	0.0004585470596794039
973	0.001015304122120142
974	0.0011434850748628378
975	0.0005377703346312046
976	0.00060754589503631
977	0.0006863862508907914
978	0.0004438581527210772
979	0.0011174000101163983
980	0.000622099731117487
981	0.00029065346461720765
982	0.00046823680168017745
983	0.0006192048895172775
984	0.0004741739248856902
985	0.0004577968502417207
986	0.0004984115366823971
987	0.0006736324867233634
988	0.0008711882983334363
989	0.0003317446098662913
990	0.00044373556738719344
991	0.0008614384569227695
992	0.0006132711423560977
993	0.0005342313088476658
994	0.0006579174660146236
995	0.0007837043958716094
996	0.00048363441601395607
997	0.000865233363583684
998	0.0013771626399829984
999	0.0005127625190652907
1000	0.001147567993029952
1001	0.0004487316473387182
1002	0.0003487420326564461
1003	0.0003629771526902914
1004	0.00098095228895545
1005	0.0003987425589002669
1006	0.0007983418763615191
1007	0.0005435331258922815
1008	0.0008939427207224071
1009	0.0004525252734310925
1010	0.00030287427944131196
1011	0.00037608278216794133
1012	0.0006257441709749401
1013	0.0014326241798698902
1014	0.0004628076567314565
1015	0.00032509156153537333
1016	0.0004672676441259682
1017	0.000591439486015588
1018	0.0004630202311091125
1019	0.0005924815777689219
1020	0.00041386656812392175
1021	0.00048260207404382527
1022	0.000608287169598043
1023	0.000366727210348472
1024	0.0003357751702424139
1025	0.0007460351916961372
1026	0.0007757628918625414
1027	0.00043970352271571755
1028	0.0007036003516986966
1029	0.0004155286296736449
1030	0.0008028864394873381
1031	0.000546292751096189
1032	0.0005003307014703751
1033	0.0003608635743148625
1034	0.002767322352156043
1035	0.00044351498945616186
1036	0.00041740978485904634
1037	0.000872385106049478
1038	0.00037859039730392396
1039	0.0002456948859617114
1040	0.0009791696211323142
1041	0.003882431425154209
1042	0.0014501272235065699
1043	0.00043026322964578867
1044	0.0003695713239721954
1045	0.000470485509140417
1046	0.0007535996846854687
1047	0.0004772569518536329
1048	0.0003496755671221763
1049	0.0006158907199278474
1050	0.0005214337143115699
1051	0.0008394269971176982
1052	0.0003920221352018416
1053	0.0005152423982508481
1054	0.0005002450197935104
1055	0.00039743789238855243
1056	0.0006495948764495552
1057	0.0004657217359635979
1058	0.0006370795890688896
1059	0.0006516941357403994
1060	0.0004432449350133538
1061	0.0005058037349954247
1062	0.00041600436088629067
1063	0.0003501379396766424
1064	0.0010434238938614726
1065	0.0008146314648911357
1066	0.0006713120965287089
1067	0.0002935846569016576
1068	0.0004735690599773079
1069	0.00041559815872460604
1070	0.0005232535768300295
1071	0.0006604490918107331
1072	0.0005480401450768113
1073	0.0008535463130101562
1074	0.00039012194611132145
1075	0.0006364340079016984
1076	0.0006086475914344192
1077	0.0005701804184354842
1078	0.0004605368012562394
1079	0.0007920670905150473
1080	0.0017096257070079446
1081	0.00044928971328772604
1082	0.0002987095795106143
1083	0.0006817324901930988
1084	0.0003620389034040272
1085	0.0004368542868178338
1086	0.0003708757576532662
1087	0.0005011404864490032
1088	0.0005497419042512774
1089	0.00038155695074237883
1090	0.000479105074191466
1091	0.0004012309364043176
1092	0.0005238347803242505
1093	0.0005034218193031847
1094	0.0003601120552048087
1095	0.0007926785037852824
1096	0.0005451511824503541
1097	0.004826751537621021
1098	0.00044301949674263597
1099	0.0008187197963707149
1100	0.0002936061646323651
1101	0.0004664132429752499
1102	0.0008492398774251342
1103	0.00035528760054148734
1104	0.000266558607108891
1105	0.0008139049750752747
1106	0.000662102538626641
1107	0.0006983273196965456
1108	0.0004250440397299826
1109	0.0005332748987711966
1110	0.0008829429280012846
1111	0.0008269192185252905
1112	0.00036938718403689563
1113	0.0015078295255079865
1114	0.00034688733285292983
1115	0.0005169199430383742
1116	0.0007431779522448778
1117	0.002195958746597171
1118	0.0006810613558627665
1119	0.0011704822536557913
1120	0.0005496286903508008
1121	0.0006950637325644493
1122	0.0002812750462908298
1123	0.000598426500800997
1124	0.0004672301292885095
1125	0.0006131387199275196
1126	0.0007145238341763616
1127	0.00046977592865005136
1128	0.0004886664682999253
1129	0.0008555605309084058
1130	0.00047510184231214225
1131	0.000500636117067188
1132	0.0005442493711598217
1133	0.0004642167768906802
1134	0.0006405223975889385
1135	0.0005126071628183126
1136	0.000595447258092463
1137	0.0007011317065916955
1138	0.0004978343495167792
1139	0.0004334358382038772
1140	0.0007179453386925161
1141	0.0008402835810557008
1142	0.0011844509281218052
1143	0.0003415652608964592
1144	0.00021865806775167584
1145	0.0007335960399359465
1146	0.00040788721526041627
1147	0.0007688386831432581
1148	0.00022635262575931847
1149	0.00041106739081442356
1150	0.001737705199047923
1151	0.0009251846931874752
1152	0.0006767964805476367
1153	0.00042028454481624067
1154	0.00045635082642547786
1155	0.00045012173359282315
1156	0.0006070777890272439
1157	0.0003534907882567495
1158	0.0003567860694602132
1159	0.0005693479906767607
1160	0.0007858287426643074
1161	0.0005875970236957073
1162	0.00039861295954324305
1163	0.0005226183566264808
1164	0.0004337501304689795
1165	0.0006023361347615719
1166	0.0007145417621359229
1167	0.00037652385071851313
1168	0.0006500906893052161
1169	0.0004467147227842361
1170	0.0006918549770489335
1171	0.0003463734174147248
1172	0.00026066863210871816
1173	0.0006157450843602419
1174	0.0011410225415602326
1175	0.0012999859172850847
1176	0.00045976144610904157
1177	0.000602190790232271
1178	0.00037943862844258547
1179	0.0005331752472557127
1180	0.0006323454435914755
1181	0.0008306825184263289
1182	0.00038081087404862046
1183	0.00029581677517853677
1184	0.0005449582822620869
1185	0.0005261400365270674
1186	0.0004603991692420095
1187	0.0006868345662951469
1188	0.0010566833661869168
1189	0.0006576137966476381
1190	0.0017118211835622787
1191	0.00037741957930848
1192	0.00035157057573087513
1193	0.0005332492291927338
1194	0.0004420237091835588
1195	0.0005343910306692123
1196	0.0005757918115705252
1197	0.000427448219852522
1198	0.0004482266667764634
1199	0.0003413100494071841
1200	0.00033763411920517683
1201	0.00036714551970362663
1202	0.0007507780101150274
1203	0.0009088118094950914
1204	0.0002777639601845294
1205	0.00039942076546140015
1206	0.0020665002521127462
1207	0.00045205786591395736
1208	0.0011975261149927974
1209	0.0005153551464900374
1210	0.0003089930978603661
1211	0.0004440423217602074
1212	0.0006659676437266171
1213	0.0005732988938689232
1214	0.0006846270407550037
1215	0.0004924608510918915
1216	0.0005124374874867499
1217	0.0015809981850907207
1218	0.0003516128927003592
1219	0.0008056898368522525
1220	0.0005828324356116354
1221	0.000607314461376518
1222	0.0005084124859422445
1223	0.000354306073859334
1224	0.00037190644070506096
1225	0.0004933607415296137
1226	0.0007423261413350701
1227	0.002507594646885991
1228	0.00046671938616782427
1229	0.00045441603288054466
1230	0.0005163634195923805
1231	0.001017046277411282
1232	0.0005750918062403798
1233	0.000568618590477854
1234	0.000519961176905781
1235	0.00037920320755802095
1236	0.0007777452701702714
1237	0.0008077356033027172
1238	0.0017074228962883353
1239	0.0006694256444461644
1240	0.0007226160960271955
1241	0.00046279316302388906
1242	0.001189283560961485
1243	0.0007442059577442706
1244	0.00039864046266302466
1245	0.0003756698570214212
1246	0.0003716060018632561
1247	0.0005030027241446078
1248	0.0005799369537271559
1249	0.0005287965759634972
1250	0.0004647407040465623
1251	0.0004299673601053655
1252	0.00024459007545374334
1253	0.0004940225044265389
1254	0.0003911502717528492
1255	0.0005474013742059469
1256	0.0004940854851156473
1257	0.0005647908546961844
1258	0.0005304347141645849
1259	0.0002867892326321453
1260	0.0002536026877351105
1261	0.0006213934975676239
1262	0.0002646037901286036
1263	0.0005602567107416689
1264	0.0008015893399715424
1265	0.00030225212685763836
1266	0.0005463755805976689
1267	0.00031595671316608787
1268	0.003833707654848695
1269	0.0006214881432242692
1270	0.00045448975288309157
1271	0.0009314571507275105
1272	0.00045156374108046293
1273	0.0005920585826970637
1274	0.00023349978437181562
1275	0.000631638104096055
1276	0.0003219800419174135
1277	0.0006209363928064704
1278	0.0007581380777992308
1279	0.00048386555863544345
1280	0.0006787032471038401
1281	0.0005849790759384632
1282	0.0002489485195837915
1283	0.000334173790179193
1284	0.0006935425335541368
1285	0.00043598326737992465
1286	0.0013049839762970805
1287	0.0009942085016518831
1288	0.0008047415758483112
1289	0.0006138039752840996
1290	0.0006345378351397812
1291	0.0005588390631601214
1292	0.0008520659175701439
1293	0.0005960214184597135
1294	0.0006375792436301708
1295	0.0004729434731416404
1296	0.0003604221565183252
1297	0.0004180822870694101
1298	0.0004504410899244249
1299	0.00044419922051019967
1300	0.001040610601194203
1301	0.0004876227176282555
1302	0.000507411255966872
1303	0.000422640674514696
1304	0.000788530393037945
1305	0.0005677318549714983
1306	0.0005533731891773641
1307	0.0005598675343208015
1308	0.0009156946325674653
1309	0.00047941828961484134
1310	0.0005077763344161212
1311	0.00038196900277398527
1312	0.0002630839007906616
1313	0.0003926220233552158
1314	0.00036508002085611224
1315	0.0005405921256169677
1316	0.0005989002529531717
1317	0.0005612953682430089
1318	0.00032168132020160556
1319	0.0003157409664709121
1320	0.0009710332960821688
1321	0.00039763489621691406
1322	0.0006245956174097955
1323	0.0005192690878175199
1324	0.00054136011749506
1325	0.00048298752517439425
1326	0.0002930092450696975
1327	0.0007379226153716445
1328	0.00046656435006298125
1329	0.0008018577354960144
1330	0.0004303458263166249
1331	0.00039482934516854584
1332	0.0003921776660718024
1333	0.0006052936660125852
1334	0.00046746424050070345
1335	0.0006649520946666598
1336	0.000595695513766259
1337	0.0008796433103270829
1338	0.0004127411521039903
1339	0.00047164346324279904
1340	0.0003599967167247087
1341	0.0002902466512750834
1342	0.0005446868599392474
1343	0.0003890231892000884
1344	0.0004572512407321483
1345	0.0006950849783606827
1346	0.0004361560277175158
1347	0.0005195245612412691
1348	0.0003307040606159717
1349	0.0005394694162532687
1350	0.00090744998306036
1351	0.00041520086233504117
1352	0.00029818955226801336
1353	0.0007129975128918886
1354	0.0004259934357833117
1355	0.0007788689690642059
1356	0.0012084383051842451
1357	0.0010196036892011762
1358	0.0005440301611088216
1359	0.00029633400845341384
1360	0.00034626107662916183
1361	0.0007641449337825179
1362	0.0003871273365803063
1363	0.0006758234230801463
1364	0.0004327128117438406
1365	0.0005462975823320448
1366	0.0005414182087406516
1367	0.0003177912731189281
1368	0.0009809024631977081
1369	0.0009079458541236818
1370	0.00028323911828920245
1371	0.0010241868440061808
1372	0.0002803859824780375
1373	0.00046134230797179043
1374	0.0004909897106699646
1375	0.0007465431117452681
1376	0.0004693375958595425
1377	0.0003699190856423229
1378	0.0005360684008337557
1379	0.00046231457963585854
1380	0.0006058582803234458
1381	0.00046442897291854024
1382	0.0004028448020108044
1383	0.00024893894442357123
1384	0.00041454072925262153
1385	0.0004615358484443277
1386	0.00047715072287246585
1387	0.00044300075387582183
1388	0.0002972114598378539
1389	0.0008209525258280337
1390	0.0004363965126685798
1391	0.00034675258211791515
1392	0.0005873988848179579
1393	0.0009655410540290177
1394	0.0007855061558075249
1395	0.000376372248865664
1396	0.0006374029326252639
1397	0.0005122686270624399
1398	0.0005784969544038177
1399	0.0005384960677474737
1400	0.0005270259571261704
1401	0.0002866342256311327
1402	0.0003372259088791907
1403	0.0004740445292554796
1404	0.0003240903897676617
1405	0.0004860206099692732
1406	0.0005536944954656065
1407	0.0004482661315705627
1408	0.0006873465608805418
1409	0.0004816300352104008
1410	0.0005610380903817713
1411	0.0003565471852198243
1412	0.000335759948939085
1413	0.00038589912583120167
1414	0.0009677681955508888
1415	0.0007461978239007294
1416	0.0004952743765898049
1417	0.0003273974289186299
1418	0.0004797345318365842
1419	0.0003195685858372599
1420	0.00033057399559766054
1421	0.0004983627004548907
1422	0.0009731975151225924
1423	0.00040744812577031553
1424	0.0004062282096128911
1425	0.00031770436908118427
1426	0.00034640610101632774
1427	0.0006373266223818064
1428	0.000634017342235893
1429	0.0010198091622442007
1430	0.0006191310239955783
1431	0.0005125732277520001
1432	0.0009689415455795825
1433	0.00040456614806316793
1434	0.0006200786447152495
1435	0.0007427495438605547
1436	0.0004960124497301877
1437	0.0005187253118492663
1438	0.000459179311292246
1439	0.00037872546818107367
1440	0.0004502489173319191
1441	0.0004853362624999136
1442	0.0003705418494064361
1443	0.0008252289262600243
1444	0.0004864773072768003
1445	0.00044486444676294923
1446	0.00048147476627491415
1447	0.0006690880400128663
1448	0.0002939108235295862
1449	0.00028437600121833384
1450	0.000572567863855511
1451	0.0003767598536796868
1452	0.0003586642851587385
1453	0.0005476747173815966
1454	0.00041996335494332016
1455	0.000592884374782443
1456	0.0005576033145189285
1457	0.000766747398301959
1458	0.0003549935354385525
1459	0.003540045116096735
1460	0.00028787332121282816
1461	0.0004408453532960266
1462	0.0006237957859411836
1463	0.00043300402467139065
1464	0.0006103314808569849
1465	0.0011017791694030166
1466	0.00037058311863802373
1467	0.00169204524718225
1468	0.0005005811108276248
1469	0.00045741008943878114
1470	0.00044330902164801955
1471	0.0005129911587573588
1472	0.0004018606268800795
1473	0.0004446681996341795
1474	0.00047889043344184756
1475	0.00040292463381774724
1476	0.0003486813511699438
1477	0.00033401083783246577
1478	0.0003927671059500426
1479	0.00038620035047642887
1480	0.0006333323544822633
1481	0.0003344267315696925
1482	0.0005017385701648891
1483	0.00018510609515942633
1484	0.0003621481591835618
1485	0.0013046285603195429
1486	0.0005048243328928947
1487	0.00045944328303448856
1488	0.0007448794203810394
1489	0.0005751815042458475
1490	0.00040805310709401965
1491	0.0005644541233778
1492	0.0006921673775650561
1493	0.0004377581353764981
1494	0.0007658624672330916
1495	0.0002882051048800349
1496	0.0004916999023407698
1497	0.00045581150334328413
1498	0.0005363718373700976
1499	0.00046060170279815793
1500	0.00047237289254553616
1501	0.000521267531439662
1502	0.0003889096842613071
1503	0.0009722852846607566
1504	0.0005756622995249927
1505	0.0004179478273727
1506	0.0004230995837133378
1507	0.0003911994572263211
1508	0.0006387752946466208
1509	0.0005938609247095883
1510	0.000584373134188354
1511	0.00036086898762732744
1512	0.0005399228539317846
1513	0.0002922259736806154
1514	0.0002809574652928859
1515	0.00047988779260776937
1516	0.0005305905942805111
1517	0.0006167559185996652
1518	0.0002487533784005791
1519	0.00040425878250971437
1520	0.0003396403044462204
1521	0.0006446754559874535
1522	0.0005728675751015544
1523	0.0005682321498170495
1524	0.0005197300342842937
1525	0.0004126568092033267
1526	0.0005079957190901041
1527	0.0004991793539375067
1528	0.00033922470174729824
1529	0.0004311517404858023
1530	0.00031699391547590494
1531	0.0005824866821058095
1532	0.0007329035433940589
1533	0.000593984907027334
1534	0.00110691599547863
1535	0.00044491689186543226
1536	0.000713279761839658
1537	0.00042431551264598966
1538	0.0003668275603558868
1539	0.00047857899335213006
1540	0.0007353101973421872
1541	0.00035794140421785414
1542	0.00034562693326734006
1543	0.00036864783032797277
1544	0.00021011651551816612
1545	0.0005762031651102006
1546	0.00033005198929458857
1547	0.0005372787127271295
1548	0.0005987089243717492
1549	0.00036839357926510274
1550	0.0003111978294327855
1551	0.0004872964636888355
1552	0.0005683079361915588
1553	0.0003728580486495048
1554	0.000631260743830353
1555	0.0003970263642258942
1556	0.00042044324800372124
1557	0.0006196651374921203
1558	0.000591814226936549
1559	0.0005353866727091372
1560	0.0007878999458625913
1561	0.0006163902580738068
1562	0.0007358405273407698
1563	0.00034203199902549386
1564	0.0004004686197731644
1565	0.0006280085071921349
1566	0.0004112669557798654
1567	0.0006673042080365121
1568	0.0011341014178469777
1569	0.00043552921852096915
1570	0.00031841843156144023
1571	0.00028305628802627325
1572	0.0006025924230925739
1573	0.0004122951941099018
1574	0.00036733419983647764
1575	0.00044954713666811585
1576	0.0005075552617199719
1577	0.0005029134918004274
1578	0.00033762084785848856
1579	0.0010704176966100931
1580	0.0003749466850422323
1581	0.00039872777415439487
1582	0.0005833153845742345
1583	0.0011747466633096337
1584	0.0003720845852512866
1585	0.00036064066807739437
1586	0.00036798702785745263
1587	0.00040704262210056186
1588	0.0003959110181313008
1589	0.0002880743704736233
1590	0.0003441568114794791
1591	0.0006274624611251056
1592	0.00045096155372448266
1593	0.00029153082869015634
1594	0.00045721264905296266
1595	0.0004810846003238112
1596	0.0004624361463356763
1597	0.0004389726382214576
1598	0.0004996414645574987
1599	0.00048293283907696605
1600	0.0006920654559507966
1601	0.0004513234307523817
1602	0.0003715652856044471
1603	0.00047943065874278545
1604	0.0004122020909562707
1605	0.00040665798587724566
1606	0.0005314119043760002
1607	0.0003416453837417066
1608	0.0004985818522982299
1609	0.000516804400831461
1610	0.0008616966661065817
1611	0.0003954254207201302
1612	0.0004177412483841181
1613	0.0005511839990504086
1614	0.000714725989382714
1615	0.0003372460196260363
1616	0.0006768389721401036
1617	0.0003718663356266916
1618	0.00047819846076890826
1619	0.0005045938305556774
1620	0.00036380626261234283
1621	0.0007366081117652357
1622	0.00036082486622035503
1623	0.00046238931827247143
1624	0.00033042419818229973
1625	0.00034650132874958217
1626	0.0006284280098043382
1627	0.0006682609673589468
1628	0.00041470755240879953
1629	0.0012930777156725526
1630	0.0002561145229265094
1631	0.0003776585799641907
1632	0.0005889848107472062
1633	0.00032251205993816257
1634	0.00044184637954458594
1635	0.0005652770050801337
1636	0.0005688105593435466
1637	0.00033687305403873324
1638	0.0003531315305735916
1639	0.0006468719802796841
1640	0.0005531567148864269
1641	0.0007609468884766102
1642	0.0007758270367048681
1643	0.000446739315520972
1644	0.0005791853182017803
1645	0.00041903616511262953
1646	0.000620050064753741
1647	0.00032200588611885905
1648	0.00036873307544738054
1649	0.00032410502899438143
1650	0.00039976986590772867
1651	0.0005477023660205305
1652	0.0013147129211574793
1653	0.00022271648049354553
1654	0.0006286799325607717
1655	0.0011019677622243762
1656	0.0004278532578609884
1657	0.0006281178211793303
1658	0.0008136329706758261
1659	0.0004408971290104091
1660	0.0006608464173041284
1661	0.0012269967701286077
1662	0.0004961264203302562
1663	0.0007840273319743574
1664	0.0006282022804953158
1665	0.0004360858874861151
1666	0.0005545074236579239
1667	0.00027292288723401725
1668	0.0013104055542498827
1669	0.00028598381322808564
1670	0.0005036548827774823
1671	0.00028916061273775995
1672	0.0003755336219910532
1673	0.0009206868708133698
1674	0.0007049310952425003
1675	0.00023019853688310832
1676	0.0003453657263889909
1677	0.0002912724739871919
1678	0.0005179845029488206
1679	0.0003873287350870669
1680	0.00042698305333033204
1681	0.0004807855875696987
1682	0.0008944063447415829
1683	0.00029972215997986495
1684	0.00029423003434203565
1685	0.0008810459985397756
1686	0.00035286229103803635
1687	0.00022555302712135017
1688	0.0005348751437850296
1689	0.0006677423371002078
1690	0.0005274724680930376
1691	0.00040222855750471354
1692	0.0004054092278238386
1693	0.0003898879513144493
1694	0.0005005073035135865
1695	0.00046865237527526915
1696	0.0005826069973409176
1697	0.00043317110976204276
1698	0.0004094373725820333
1699	0.0006434370297938585
1700	0.0007401714683510363
1701	0.0004945830442011356
1702	0.0006387256435118616
1703	0.00038545584538951516
1704	0.024612504988908768
1705	0.0009716975037008524
1706	0.00040821576840244234
1707	0.0007329244399443269
1708	0.0004534893960226327
1709	0.0007238838588818908
1710	0.0005852206377312541
1711	0.000535432540345937
1712	0.00035900447983294725
1713	0.0007899341871961951
1714	0.00038885424146428704
1715	0.00043740327237173915
1716	0.0007007721578702331
1717	0.0007486438844352961
1718	0.00039083673618733883
1719	0.0005358305643312633
1720	0.0003763668646570295
1721	0.00045862726983614266
1722	0.000288474780973047
1723	0.0003405731695238501
1724	0.0005181854940019548
1725	0.0005911056650802493
1726	0.0003899815201293677
1727	0.0005150398937985301
1728	0.0005108914338052273
1729	0.0006729624583385885
1730	0.0005101731512695551
1731	0.00045792965102009475
1732	0.0003240657097194344
1733	0.0003018835268449038
1734	0.0007243507425300777
1735	0.0010746405459940434
1736	0.0009593245922587812
1737	0.0005291696870699525
1738	0.00043142426875419915
1739	0.0003800374106504023
1740	0.0005642405012622476
1741	0.00025279863621108234
1742	0.0003631320723798126
1743	0.0005169318756088614
1744	0.00030021698330529034
1745	0.0005807154229842126
1746	0.0003953897685278207
1747	0.0004932309384457767
1748	0.000526917283423245
1749	0.0007694803061895072
1750	0.00048271086416207254
1751	0.0008444570121355355
1752	0.00042191619286313653
1753	0.00044439261546358466
1754	0.0003558362368494272
1755	0.0008296489249914885
1756	0.00041352136759087443
1757	0.0005689844256266952
1758	0.0006594126462005079
1759	0.0007553129689767957
1760	0.000574542791582644
1761	0.00026163921575061977
1762	0.0004347300564404577
1763	0.0003965719079133123
1764	0.0008414802723564208
1765	0.0004003671056125313
1766	0.0004922712687402964
1767	0.0006405293825082481
1768	0.0007324601756408811
1769	0.0009632826549932361
1770	0.00048060971312224865
1771	0.0006291481549851596
1772	0.0010944968089461327
1773	0.0007144131232053041
1774	0.000359647732693702
1775	0.0005343634984456003
1776	0.00027889583725482225
1777	0.00041293291724286973
1778	0.0007617187220603228
1779	0.000495563552249223
1780	0.0003181292850058526
1781	0.00042365369154140353
1782	0.0004938935744576156
1783	0.0006725325947627425
1784	0.0003054369008168578
1785	0.0011061412515118718
1786	0.0009828174952417612
1787	0.00043613891466520727
1788	0.0003771261835936457
1789	0.0004629878094419837
1790	0.00043823334272019565
1791	0.0007735516410320997
1792	0.0005400751833803952
1793	0.00032744259806349874
1794	0.0004384466737974435
1795	0.0011221175082027912
1796	0.0005062238778918982
1797	0.00034979148767888546
1798	0.0007447797106578946
1799	0.0004722714948002249
1800	0.0003356441156938672
1801	0.0006380146369338036
1802	0.0007149317534640431
1803	0.00029895344050601125
1804	0.00031466977088712156
1805	0.0007057701586745679
1806	0.0003425563045311719
1807	0.0010711243376135826
1808	0.0007806105422787368
1809	0.001432180986739695
1810	0.00041508552385494113
1811	0.0006550775142386556
1812	0.0004683123843278736
1813	0.0005500003462657332
1814	0.00026444075047038496
1815	0.0003082568000536412
1816	0.00035221673897467554
1817	0.00042169843800365925
1818	0.0005397653440013528
1819	0.0004167045990470797
1820	0.0007183445268310606
1821	0.0004857313761021942
1822	0.0005028198938816786
1823	0.00027157587464898825
1824	0.0002499939000699669
1825	0.0005056200898252428
1826	0.00022312585497274995
1827	0.0002495229127816856
1828	0.0011263012420386076
1829	0.000551156816072762
1830	0.0004089425492566079
1831	0.0003846718173008412
1832	0.0005456155631691217
1833	0.00034798189881257713
1834	0.0009133870480582118
1835	0.0006528783706016839
1836	0.0004397426382638514
1837	0.0003716920327860862
1838	0.00035175911034457386
1839	0.0003900043957401067
1840	0.001474470365792513
1841	0.00028911937261000276
1842	0.000676181516610086
1843	0.0006193142617121339
1844	0.0003073461994063109
1845	0.0010957468766719103
1846	0.0011966716265305877
1847	0.0005021532997488976
1848	0.0004272703663446009
1849	0.0005406516138464212
1850	0.0003395936219021678
1851	0.0004755789996124804
1852	0.0007122743991203606
1853	0.00045671703992411494
1854	0.0006425466272048652
1855	0.0004456742899492383
1856	0.0006276815547607839
1857	0.0006226258119568229
1858	0.0004642547864932567
1859	0.00043363217264413834
1860	0.0007971307495608926
1861	0.000294049852527678
1862	0.00041132839396595955
1863	0.0006023081368766725
1864	0.00028599679353646934
1865	0.0005878040683455765
1866	0.000549305637832731
1867	0.0007284542662091553
1868	0.00048629322554916143
1869	0.0006562283961102366
1870	0.0006035849219188094
1871	0.00031363044399768114
1872	0.0004874587757512927
1873	0.00045190448872745037
1874	0.0007496858015656471
1875	0.0004256865649949759
1876	0.00044776094728149474
1877	0.0007087954436428845
1878	0.0003296370559837669
1879	0.0009899517754092813
1880	0.0004152855253778398
1881	0.0003746504953596741
1882	0.000512507336679846
1883	0.0005259275785647333
1884	0.000486449571326375
1885	0.0007324149482883513
1886	0.00044276175322011113
1887	0.0005114829400554299
1888	0.0007273940718732774
1889	0.0004818239831365645
1890	0.0008260629256255925
1891	0.0006503594340756536
1892	0.0005182723980396986
1893	0.0004282746522221714
1894	0.00039267659303732216
1895	0.00030080173746682703
1896	0.00040858204010874033
1897	0.0005718037718906999
1898	0.0011053532361984253
1899	0.0004183068813290447
1900	0.0002686568477656692
1901	0.0004427945241332054
1902	0.0004942911327816546
1903	0.0002716730523388833
1904	0.0008092371863313019
1905	0.00032303950865752995
1906	0.0003136984014417976
1907	0.0002233003033325076
1908	0.0005972347571514547
1909	0.0016275548841804266
1910	0.00022468669340014458
1911	0.0010023433715105057
1912	0.0005411566817201674
1913	0.00043427429045550525
1914	0.0005926743033342063
1915	0.0006894373218528926
1916	0.00032607102184556425
1917	0.0008615108672529459
1918	0.0007034864975139499
1919	0.0006215486209839582
1920	0.0002769048442132771
1921	0.0003938531444873661
1922	0.0007904994417913258
1923	0.0009027346386574209
1924	0.0014013262698426843
1925	0.0005807238048873842
1926	0.0003936802386306226
1927	0.00044610421173274517
1928	0.0010572717292234302
1929	0.0009284729021601379
1930	0.000596248428337276
1931	0.0006364789442159235
1932	0.0007398912566713989
1933	0.0004011653654742986
1934	0.000550099357496947
1935	0.0006941049359738827
1936	0.00024907791521400213
1937	0.00046969883260317147
1938	0.0004744754987768829
1939	0.0004012955178041011
1940	0.000519624853041023
1941	0.00034258808591403067
1942	0.000696949427947402
1943	0.0004996215575374663
1944	0.000583350018132478
1945	0.0007559069781564176
1946	0.00061442592414096
1947	0.0006791672203689814
1948	0.00020827603293582797
1949	0.0006058793514966965
1950	0.0005265539512038231
1951	0.0009372273343615234
1952	0.001045533106662333
1953	0.00042078326805494726
1954	0.0003192508593201637
1955	0.000919841811992228
1956	0.0007611655746586621
1957	0.0005734097212553024
1958	0.0005036774091422558
1959	0.0004697257827501744
1960	0.00043081361218355596
1961	0.0002974892850033939
1962	0.00035821329220198095
1963	0.0006046546041034162
1964	0.0011048190062865615
1965	0.0005507985479198396
1966	0.0007652597851119936
1967	0.0003250839945394546
1968	0.00021606363588944077
1969	0.0008131233626045287
1970	0.0005460864631459117
1971	0.0007306210463866591
1972	0.0004886005772277713
1973	0.0004279846325516701
1974	0.00039629219099879265
1975	0.0005746246897615492
1976	0.00047067581908777356
1977	0.00048725627129897475
1978	0.0006032186793163419
1979	0.0005786228575743735
1980	0.0005062647396698594
1981	0.00046198011841624975
1982	0.0005659282905980945
1983	0.0002803358365781605
1984	0.00041160755790770054
1985	0.0011830402072519064
1986	0.0013960091164335608
1987	0.00018098602595273405
1988	0.0003897420538123697
1989	0.0002925471344497055
1990	0.0007140003726817667
1991	0.0003843461745418608
1992	0.0004472626023925841
1993	0.0004291569348424673
1994	0.0004975228803232312
1995	0.0006176457973197103
1996	0.0005525929154828191
1997	0.0006344287539832294
1998	0.00037735115620307624
1999	0.0008359287166967988
2000	0.0005199500592425466
2001	0.0004222783609293401
2002	0.0006558111635968089
2003	0.00031790146022103727
2004	0.000537735118996352
2005	0.0007821850595064461
2006	0.0005211284151300788
2007	0.0007791992393322289
2008	0.0004935259348712862
2009	0.0003302996337879449
2010	0.0008043752168305218
2011	0.00028845734777860343
2012	0.0009634894668124616
2013	0.0003180120256729424
2014	0.0007047216058708727
2015	0.0004380250466056168
2016	0.00047373431152664125
2017	0.0004100071673747152
2018	0.000646141532342881
2019	0.0004330766969360411
2020	0.00031140403007157147
2021	0.0007015546434558928
2022	0.0005505435983650386
2023	0.00026861325022764504
2024	0.0011771878926083446
2025	0.0003799889818765223
2026	0.00044272083323448896
2027	0.0003664286923594773
2028	0.00037789385532960296
2029	0.00024158517771866173
2030	0.0007215770310722291
2031	0.00032508675940334797
2032	0.0003648990241345018
2033	0.00038648254121653736
2034	0.000401161378249526
2035	0.0004319847503211349
2036	0.000816472340375185
2037	0.0003873343230225146
2038	0.00034719950053840876
2039	0.0007716695545241237
2040	0.0005145539180375636
2041	0.0003787415043916553
2042	0.0004867203824687749
2043	0.0003885622718371451
2044	0.0006536556174978614
2045	0.0005246695363894105
2046	0.0009416519897058606
2047	0.0005680811009369791
2048	0.0012085791677236557
2049	0.0004555000923573971
2050	0.0005680227186530828
2051	0.00036453749635256827
2052	0.000484347838209942
2053	0.000949447916354984
2054	0.0015658547636121511
2055	0.00044023405644111335
2056	0.000596826896071434
2057	0.0002999095886480063
2058	0.0009532495751045644
2059	0.0004517060879152268
2060	0.0008275777217932045
2061	0.0005005968851037323
2062	0.0003061149036511779
2063	0.0003902802418451756
2064	0.0004404474748298526
2065	0.00047238945262506604
2066	0.0003030324587598443
2067	0.00020178929844405502
2068	0.00030118742142803967
2069	0.000358806544682011
2070	0.0005561482394114137
2071	0.0008016425999812782
2072	0.0007885256200097501
2073	0.0003772955678869039
2074	0.0006664589745923877
2075	0.0004922901280224323
2076	0.0007134547922760248
2077	0.0008846110431477427
2078	0.0007380287279374897
2079	0.0008229011436924338
2080	0.0003861757868435234
2081	0.0007153016049414873
2082	0.0005088254692964256
2083	0.00034213560866191983
2084	0.000596112571656704
2085	0.0005260028410702944
2086	0.000505699950736016
2087	0.0004518970672506839
2088	0.0006232881569303572
2089	0.0004800743772648275
2090	0.0006131496629677713
2091	0.00034580923966132104
2092	0.0007276543765328825
2093	0.0007971261511556804
2094	0.0003173625154886395
2095	0.0006613812292926013
2096	0.0023406234104186296
2097	0.00039304723031818867
2098	0.0014026481658220291
2099	0.0006113123963586986
