BatchIdx	TrainPerBatchMean
0	2.376156806945801
1	2.380284070968628
2	2.1483757495880127
3	2.0945851802825928
4	1.9786275625228882
5	1.8238801956176758
6	1.789814829826355
7	1.7314891815185547
8	1.6801648139953613
9	1.6267642974853516
10	1.539979100227356
11	1.4747430086135864
12	1.3763000965118408
13	1.3952224254608154
14	1.0414679050445557
15	1.3632707595825195
16	1.052865743637085
17	1.1462639570236206
18	1.1023831367492676
19	0.9816308617591858
20	0.8615208864212036
21	0.9260961413383484
22	1.0049097537994385
23	0.7883684635162354
24	0.8371977806091309
25	1.1338188648223877
26	0.791458785533905
27	0.8775067329406738
28	0.6869727969169617
29	0.7206041216850281
30	0.5550704002380371
31	0.9296331405639648
32	0.7373843193054199
33	0.6158485412597656
34	0.6805478930473328
35	0.5307807922363281
36	0.8068215847015381
37	0.6941430568695068
38	0.5770148634910583
39	0.5865046381950378
40	0.5998460650444031
41	0.5736346244812012
42	0.6291457414627075
43	0.5097045302391052
44	0.5584284663200378
45	0.4674014747142792
46	0.4615669548511505
47	0.6002743244171143
48	0.5660582184791565
49	0.5173642039299011
50	0.39287132024765015
51	0.4583231806755066
52	0.43190687894821167
53	0.5421174764633179
54	0.5739716291427612
55	0.6222726702690125
56	0.3275555372238159
57	0.5024179220199585
58	0.48263218998908997
59	0.548920214176178
60	0.4584665894508362
61	0.4044342041015625
62	0.3731253743171692
63	0.5853934288024902
64	0.37080976366996765
65	0.37715309858322144
66	0.5952258110046387
67	0.5549629330635071
68	0.4163106083869934
69	0.34726738929748535
70	0.5042290687561035
71	0.44404950737953186
72	0.43218743801116943
73	0.45327991247177124
74	0.3020086884498596
75	0.38875845074653625
76	0.42426860332489014
77	0.388974130153656
78	0.33639225363731384
79	0.39722806215286255
80	0.4161943793296814
81	0.41513171792030334
82	0.5668533444404602
83	0.39015060663223267
84	0.3308264911174774
85	0.3759366571903229
86	0.3592929542064667
87	0.38388675451278687
88	0.44201019406318665
89	0.3091402053833008
90	0.33457550406455994
91	0.4473441541194916
92	0.35661375522613525
93	0.39190471172332764
94	0.23682847619056702
95	0.46208250522613525
96	0.5008273124694824
97	0.40616118907928467
98	0.3798871636390686
99	0.3498799204826355
100	0.30095434188842773
101	0.32699334621429443
102	0.33255964517593384
103	0.38419073820114136
104	0.5140321850776672
105	0.3835717439651489
106	0.23102647066116333
107	0.20995059609413147
108	0.5906097888946533
109	0.3839496374130249
110	0.26132938265800476
111	0.25329044461250305
112	0.2812803387641907
113	0.2617264986038208
114	0.19141808152198792
115	0.3433772325515747
116	0.4620652198791504
117	0.44308653473854065
118	0.28144264221191406
119	0.4511474370956421
120	0.26430752873420715
121	0.24745945632457733
122	0.2050664722919464
123	0.4319201707839966
124	0.31001541018486023
125	0.29253262281417847
126	0.3504258990287781
127	0.24440112709999084
128	0.25326845049858093
129	0.23257195949554443
130	0.3111376166343689
131	0.2999331057071686
132	0.2677063047885895
133	0.2537405490875244
134	0.3047361373901367
135	0.22206448018550873
136	0.3515799641609192
137	0.48056161403656006
138	0.24056977033615112
139	0.28135448694229126
140	0.23297511041164398
141	0.3247907757759094
142	0.291573703289032
143	0.09689481556415558
144	0.27735066413879395
145	0.4762961268424988
146	0.2742043733596802
147	0.2227868139743805
148	0.3522084355354309
149	0.26967477798461914
150	0.16870471835136414
151	0.3046276867389679
152	0.21871373057365417
153	0.24051031470298767
154	0.2174743264913559
155	0.2584694027900696
156	0.24555176496505737
157	0.413621723651886
158	0.24911832809448242
159	0.1635344922542572
160	0.19812795519828796
161	0.19776538014411926
162	0.1673136204481125
163	0.26133084297180176
164	0.28833627700805664
165	0.30434975028038025
166	0.2636459171772003
167	0.3356266915798187
168	0.24620860815048218
169	0.35711759328842163
170	0.18194544315338135
171	0.29398947954177856
172	0.25956404209136963
173	0.2119254767894745
174	0.18902581930160522
175	0.21365469694137573
176	0.2500687837600708
177	0.302827388048172
178	0.2523035407066345
179	0.22997289896011353
180	0.30911749601364136
181	0.19675621390342712
182	0.10755689442157745
183	0.26459288597106934
184	0.14144259691238403
185	0.28123754262924194
186	0.14332446455955505
187	0.34322452545166016
188	0.30251920223236084
189	0.18702900409698486
190	0.2970941960811615
191	0.25954678654670715
192	0.25508958101272583
193	0.29014796018600464
194	0.25802087783813477
195	0.3724851608276367
196	0.2192133069038391
197	0.3387841582298279
198	0.1809668242931366
199	0.28711462020874023
200	0.1938672959804535
201	0.31478404998779297
202	0.251289427280426
203	0.18401944637298584
204	0.13277071714401245
205	0.1487613469362259
206	0.15443289279937744
207	0.11903754621744156
208	0.23841768503189087
209	0.06357596814632416
210	0.15368333458900452
211	0.039714183658361435
212	0.07713598012924194
213	0.15437354147434235
214	0.06259790807962418
215	0.2100679874420166
216	0.10592275857925415
217	0.07036326080560684
218	0.048264868557453156
219	0.05749161168932915
220	0.11686953157186508
221	0.13128644227981567
222	0.2688789367675781
223	0.10257402807474136
224	0.09219241142272949
225	0.0175028033554554
226	0.10947704315185547
227	0.05177770182490349
228	0.1431780755519867
229	0.043055180460214615
230	0.18223357200622559
231	0.1225801631808281
232	0.093499094247818
233	0.08147457242012024
234	0.11662797629833221
235	0.07253158837556839
236	0.0999821349978447
237	0.11694599688053131
238	0.11226701736450195
239	0.06900782883167267
240	0.14767368137836456
241	0.13166505098342896
242	0.0895419716835022
243	0.09685099124908447
244	0.08322061598300934
245	0.05059047043323517
246	0.025633130222558975
247	0.2802231013774872
248	0.18152417242527008
249	0.1325089931488037
250	0.11099793016910553
251	0.08143296092748642
252	0.2068212330341339
253	0.11077891290187836
254	0.0723080113530159
255	0.06359867751598358
256	0.12532642483711243
257	0.11624561995267868
258	0.1321357637643814
259	0.20500586926937103
260	0.1334700584411621
261	0.12487666308879852
262	0.11741632223129272
263	0.12652739882469177
264	0.16832387447357178
265	0.10394970327615738
266	0.08059181272983551
267	0.04717180132865906
268	0.05785880982875824
269	0.12387874722480774
270	0.1056324765086174
271	0.07411184161901474
272	0.11919111013412476
273	0.09581638872623444
274	0.13418802618980408
275	0.15020573139190674
276	0.07103818655014038
277	0.07633540034294128
278	0.13346199691295624
279	0.12950196862220764
280	0.12416509538888931
281	0.10002618283033371
282	0.11006563901901245
283	0.0505300872027874
284	0.12149664759635925
285	0.11559034138917923
286	0.14339293539524078
287	0.047915004193782806
288	0.12706029415130615
289	0.11581380665302277
290	0.15625286102294922
291	0.09628085792064667
292	0.055111683905124664
293	0.15335415303707123
294	0.11438282579183578
295	0.06467227637767792
296	0.17331355810165405
297	0.20323750376701355
298	0.12807607650756836
299	0.0482453890144825
300	0.08854787051677704
301	0.11384166777133942
302	0.08259882777929306
303	0.14202235639095306
304	0.08005551993846893
305	0.1252135932445526
306	0.06528352946043015
307	0.16611921787261963
308	0.07454770058393478
309	0.09360557794570923
310	0.15080596506595612
311	0.06534416973590851
312	0.04997902363538742
313	0.15860159695148468
314	0.1320304572582245
315	0.054464951157569885
316	0.03711291030049324
317	0.02901902049779892
318	0.03920572251081467
319	0.07904769480228424
320	0.10555695742368698
321	0.21270926296710968
322	0.05958906561136246
323	0.06414321064949036
324	0.07531227171421051
325	0.11271590739488602
326	0.08909796178340912
327	0.10424236208200455
328	0.1375470608472824
329	0.04812265932559967
330	0.059655994176864624
331	0.15181192755699158
332	0.15592920780181885
333	0.11378484964370728
334	0.05235695838928223
335	0.14049741625785828
336	0.047153353691101074
337	0.118902787566185
338	0.21599850058555603
339	0.06546789407730103
340	0.057371836155653
341	0.12307646870613098
342	0.25400087237358093
343	0.0523514486849308
344	0.16021040081977844
345	0.08666753768920898
346	0.10388627648353577
347	0.14432857930660248
348	0.0973568931221962
349	0.19209304451942444
350	0.04878111556172371
351	0.20334918797016144
352	0.11403234302997589
353	0.13613463938236237
354	0.10461711883544922
355	0.13385209441184998
356	0.15307074785232544
357	0.07471846044063568
358	0.08767948299646378
359	0.04335423931479454
360	0.04901089891791344
361	0.04865863919258118
362	0.19950206577777863
363	0.06730253994464874
364	0.06699543446302414
365	0.12340329587459564
366	0.30404922366142273
367	0.11670531332492828
368	0.08460170030593872
369	0.12727119028568268
370	0.21091245114803314
371	0.08474508672952652
372	0.07051870226860046
373	0.1299557387828827
374	0.15179744362831116
375	0.10260221362113953
376	0.178683340549469
377	0.08096903562545776
378	0.14724795520305634
379	0.11130817234516144
380	0.09793072193861008
381	0.11720425635576248
382	0.10595373809337616
383	0.13475683331489563
384	0.1521223485469818
385	0.048194654285907745
386	0.11879096925258636
387	0.10186518728733063
388	0.10378691554069519
389	0.029786817729473114
390	0.16982758045196533
391	0.14159083366394043
392	0.05661415308713913
393	0.09286028146743774
394	0.13409735262393951
395	0.14726121723651886
396	0.12397567927837372
397	0.12468121200799942
398	0.08786852657794952
399	0.14927484095096588
400	0.05674132704734802
401	0.13598865270614624
402	0.09960287809371948
403	0.06945426762104034
404	0.09848734736442566
405	0.04550936073064804
406	0.06114891171455383
407	0.13766320049762726
408	0.08865901827812195
409	0.12688960134983063
410	0.0599774494767189
411	0.1582489162683487
412	0.10350179672241211
413	0.04106060415506363
414	0.048134393990039825
415	0.08094225078821182
416	0.09273628890514374
417	0.02481495589017868
418	0.08181148022413254
419	0.04233793541789055
420	0.02891729399561882
421	0.008894193917512894
422	0.0226866714656353
423	0.020146727561950684
424	0.017650078982114792
425	0.012013643980026245
426	0.02762812376022339
427	0.025594960898160934
428	0.02715006098151207
429	0.023161176592111588
430	0.03958402946591377
431	0.01057932898402214
432	0.03890655189752579
433	0.0032287612557411194
434	0.03325576335191727
435	0.015631549060344696
436	0.00759337842464447
437	0.005246363580226898
438	0.03103404864668846
439	0.03530381619930267
440	0.028750944882631302
441	0.06590744853019714
442	0.05678819119930267
443	0.005556225776672363
444	0.035417087376117706
445	0.008658159524202347
446	0.020301377400755882
447	0.04765433073043823
448	0.029846686869859695
449	0.016314132139086723
450	0.0056623853743076324
451	0.05353925749659538
452	0.016269896179437637
453	0.05948435515165329
454	0.02323412522673607
455	0.01716804876923561
456	0.04163018614053726
457	0.023528221994638443
458	0.018707163631916046
459	0.08843620866537094
460	0.06037166714668274
461	0.052124202251434326
462	0.03147142007946968
463	0.0068779028952121735
464	0.026237234473228455
465	0.008457493036985397
466	0.06387090682983398
467	0.016625231131911278
468	0.012374218553304672
469	0.010408151894807816
470	0.0574062205851078
471	0.049046460539102554
472	0.025757338851690292
473	0.09299163520336151
474	0.05558476597070694
475	0.038166262209415436
476	0.010471973568201065
477	0.024227971211075783
478	0.09219823032617569
479	0.04667354375123978
480	0.05028744414448738
481	0.02798331528902054
482	0.01872662454843521
483	0.0526198111474514
484	0.07116103172302246
485	0.0213269405066967
486	0.005754347890615463
487	0.09240297228097916
488	0.017866559326648712
489	0.07261994481086731
490	0.017940204590559006
491	0.012547653168439865
492	0.06687252968549728
493	0.08040754497051239
494	0.043198250234127045
495	0.07657341659069061
496	0.024102158844470978
497	0.005462780594825745
498	0.030472200363874435
499	0.03275095298886299
500	0.03860824555158615
501	0.11333983391523361
502	0.06857141852378845
503	0.06531631946563721
504	0.042753610759973526
505	0.03547671437263489
506	0.05633890628814697
507	0.0922168642282486
508	0.044558413326740265
509	0.04471517354249954
510	0.0274239219725132
511	0.011879686266183853
512	0.055097587406635284
513	0.030436741188168526
514	0.03210189938545227
515	0.07403909415006638
516	0.04130058363080025
517	0.06328890472650528
518	0.02696404978632927
519	0.02558031491935253
520	0.05940522998571396
521	0.015071779489517212
522	0.04207051917910576
523	0.023249423131346703
524	0.054245032370090485
525	0.022213611751794815
526	0.08253402262926102
527	0.039017729461193085
528	0.00782535970211029
529	0.07773009687662125
530	0.08845376968383789
531	0.016195572912693024
532	0.015556622296571732
533	0.029674552381038666
534	0.042642150074243546
535	0.0749456062912941
536	0.03585630655288696
537	0.016744771972298622
538	0.029440023005008698
539	0.09508468210697174
540	0.08525079488754272
541	0.06496885418891907
542	0.07039212435483932
543	0.10208694636821747
544	0.0338129997253418
545	0.12338444590568542
546	0.024772565811872482
547	0.09267614781856537
548	0.07097826898097992
549	0.030619584023952484
550	0.07665851712226868
551	0.07599912583827972
552	0.021441850811243057
553	0.04124503955245018
554	0.07118157297372818
555	0.021611258387565613
556	0.011520609259605408
557	0.04050801694393158
558	0.09463107585906982
559	0.05042077600955963
560	0.023876169696450233
561	0.1520444005727768
562	0.0637105256319046
563	0.059424251317977905
564	0.03821985423564911
565	0.0274712685495615
566	0.07193522155284882
567	0.03989250212907791
568	0.03989249840378761
569	0.032249532639980316
570	0.015231601893901825
571	0.008546970784664154
572	0.15558582544326782
573	0.04491495341062546
574	0.15760855376720428
575	0.035996850579977036
576	0.050615094602108
577	0.042917557060718536
578	0.057458795607089996
579	0.081375353038311
580	0.06535167992115021
581	0.034987714141607285
582	0.04044639691710472
583	0.0760887861251831
584	0.034896641969680786
585	0.027017811313271523
586	0.028075573965907097
587	0.013440575450658798
588	0.06468406319618225
589	0.0153728686273098
590	0.03876257687807083
591	0.054496437311172485
592	0.00797436386346817
593	0.10460565984249115
594	0.12371744215488434
595	0.032258715480566025
596	0.03011852130293846
597	0.023528948426246643
598	0.08671408146619797
599	0.06518133729696274
600	0.09372267872095108
601	0.03393920138478279
602	0.03355308622121811
603	0.07422912120819092
604	0.025521131232380867
605	0.027047857642173767
606	0.011749036610126495
607	0.0564914233982563
608	0.024963676929473877
609	0.012157164514064789
610	0.1093343123793602
611	0.0183926522731781
612	0.09407469630241394
613	0.060150496661663055
614	0.024291453883051872
615	0.06484490633010864
616	0.012082565575838089
617	0.009653393179178238
618	0.0279390849173069
619	0.03609747439622879
620	0.09342523664236069
621	0.05135897919535637
622	0.047613419592380524
623	0.045888327062129974
624	0.018760740756988525
625	0.020874155685305595
626	0.052100710570812225
627	0.024909190833568573
628	0.016278959810733795
629	0.006544329226016998
630	0.002233050763607025
631	0.0025341175496578217
632	0.0010335110127925873
633	0.003950808197259903
634	0.005845721811056137
635	0.0012881271541118622
636	0.0019200854003429413
637	0.002979464828968048
638	0.0016815699636936188
639	0.003675498068332672
640	0.018285110592842102
641	0.0009083524346351624
642	0.003209710121154785
643	0.004584785550832748
644	0.0016073808073997498
645	0.0021050795912742615
646	0.0015179924666881561
647	0.007231533527374268
648	0.0012363940477371216
649	0.0018877461552619934
650	0.001697879284620285
651	0.00400257483124733
652	0.009861834347248077
653	0.0012501776218414307
654	0.0017810389399528503
655	0.013724107295274734
656	0.0025460682809352875
657	0.012300483882427216
658	0.03335728123784065
659	0.044459834694862366
660	0.0012723468244075775
661	0.0019924044609069824
662	0.003240257501602173
663	0.0022570714354515076
664	0.015694478526711464
665	0.012968406081199646
666	0.001035388559103012
667	0.03281218186020851
668	0.0011619850993156433
669	0.0014999136328697205
670	0.005512431263923645
671	0.013793356716632843
672	0.01752527616918087
673	0.0023378953337669373
674	0.0011232420802116394
675	0.0012329071760177612
676	0.002113640308380127
677	0.00868261232972145
678	0.04367572069168091
679	0.006203632801771164
680	0.008208852261304855
681	0.002378135919570923
682	0.013003410771489143
683	0.0016827210783958435
684	0.002899806946516037
685	0.044454872608184814
686	0.001253124326467514
687	0.0009660609066486359
688	0.0017964504659175873
689	0.007540389895439148
690	0.004999782890081406
691	0.0011932067573070526
692	0.0013154223561286926
693	0.0012490637600421906
694	0.002063535153865814
695	0.004244651645421982
696	0.008103631436824799
697	0.030886556953191757
698	0.0062585435807704926
699	0.007872257381677628
700	0.002485513687133789
701	0.0027332790195941925
702	0.0010950379073619843
703	0.0053952354937791824
704	0.011857017874717712
705	0.0020302608609199524
706	0.03834448382258415
707	0.008064202964305878
708	0.030198752880096436
709	0.004336755722761154
710	0.02421668730676174
711	0.02552216686308384
712	0.0023020803928375244
713	0.06240719556808472
714	0.0032917894423007965
715	0.053087081760168076
716	0.0015049353241920471
717	0.005152113735675812
718	0.002026207745075226
719	0.006037022918462753
720	0.01052439957857132
721	0.07009550929069519
722	0.004465527832508087
723	0.023726634681224823
724	0.04315510019659996
725	0.011141683906316757
726	0.011317424476146698
727	0.07694998383522034
728	0.0012128762900829315
729	0.003443364053964615
730	0.06374902278184891
731	0.032113391906023026
732	0.01075490191578865
733	0.0054465122520923615
734	0.03035077080130577
735	0.0029577501118183136
736	0.003791242837905884
737	0.018908433616161346
738	0.00490783154964447
739	0.0019031092524528503
740	0.0012661255896091461
741	0.007931835949420929
742	0.005684003233909607
743	0.0017635971307754517
744	0.0013709738850593567
745	0.03383597359061241
746	0.007473524659872055
747	0.042467497289180756
748	0.0028621964156627655
749	0.014503413811326027
750	0.005664043128490448
751	0.001917559653520584
752	0.007357388734817505
753	0.0356949158012867
754	0.006681021302938461
755	0.006531234830617905
756	0.03672226890921593
757	0.005348343402147293
758	0.010655764490365982
759	0.011858727782964706
760	0.023995647206902504
761	0.004600849002599716
762	0.043786339461803436
763	0.0026145242154598236
764	0.02566530555486679
765	0.001799464225769043
766	0.009855873882770538
767	0.014453524723649025
768	0.0071451496332883835
769	0.016455210745334625
770	0.0016193054616451263
771	0.019766587764024734
772	0.03383151441812515
773	0.0026351511478424072
774	0.0012908317148685455
775	0.021700575947761536
776	0.023648252710700035
777	0.006289146840572357
778	0.004323683679103851
779	0.013026338070631027
780	0.015830963850021362
781	0.0016001425683498383
782	0.013833586126565933
783	0.0016616322100162506
784	0.042092807590961456
785	0.04823443293571472
786	0.00985737144947052
787	0.036108262836933136
788	0.009508796036243439
789	0.007050525397062302
790	0.014057368040084839
791	0.015298470854759216
792	0.05651703476905823
793	0.027095289900898933
794	0.013805638998746872
795	0.0032431520521640778
796	0.0050559453666210175
797	0.016309704631567
798	0.01367824524641037
799	0.023729469627141953
800	0.00232822448015213
801	0.1314270794391632
802	0.0046595074236392975
803	0.01202857494354248
804	0.009348101913928986
805	0.012953303754329681
806	0.060128793120384216
807	0.060645561665296555
808	0.0028093308210372925
809	0.06707267463207245
810	0.006401266902685165
811	0.07841502130031586
812	0.0034973546862602234
813	0.004017699509859085
814	0.00386660173535347
815	0.005480676889419556
816	0.034029655158519745
817	0.020894084125757217
818	0.012703396379947662
819	0.04382197558879852
820	0.0043723322451114655
821	0.008516326546669006
822	0.04536910727620125
823	0.0035049133002758026
824	0.06792660057544708
825	0.04705417901277542
826	0.014014247804880142
827	0.018470464274287224
828	0.0035905763506889343
829	0.024527324363589287
830	0.04083433747291565
831	0.007795074954628944
832	0.03262297809123993
833	0.05437768995761871
834	0.003019612282514572
835	0.0037183165550231934
836	0.002195451408624649
837	0.0022395774722099304
838	0.002013210207223892
839	0.0019825808703899384
840	0.0012568049132823944
841	0.009828560054302216
842	0.0019140169024467468
843	0.0011858493089675903
844	0.0016202852129936218
845	0.0028496943414211273
846	0.010320011526346207
847	0.0017280802130699158
848	0.0008794739842414856
849	0.0009849779307842255
850	0.0014005973935127258
851	0.001298699527978897
852	0.0057903677225112915
853	0.03157877177000046
854	0.0012799836695194244
855	0.0011243969202041626
856	0.0008976198732852936
857	0.0012037865817546844
858	0.0014198645949363708
859	0.0009845159947872162
860	0.0015000104904174805
861	0.0008441060781478882
862	0.001306045800447464
863	0.0011101365089416504
864	0.0009373761713504791
865	0.0009512342512607574
866	0.0009382665157318115
867	0.001461997628211975
868	0.0009054914116859436
869	0.0007965192198753357
870	0.000937681645154953
871	0.0009650252759456635
872	0.001108568161725998
873	0.0008748434484004974
874	0.0007752813398838043
875	0.000955585390329361
876	0.0007819794118404388
877	0.0008303709328174591
878	0.0007870234549045563
879	0.0012915842235088348
880	0.0009805969893932343
881	0.000796835869550705
882	0.0007596053183078766
883	0.0008158162236213684
884	0.0009615570306777954
885	0.0007321164011955261
886	0.000986441969871521
887	0.0008072629570960999
888	0.003263099119067192
889	0.0008696801960468292
890	0.0009228885173797607
891	0.0008676648139953613
892	0.0009210593998432159
893	0.0007530413568019867
894	0.0008894018828868866
895	0.0007654950022697449
896	0.0007287450134754181
897	0.0008619837462902069
898	0.0009200982749462128
899	0.0009496323764324188
900	0.0007462091743946075
901	0.0009997114539146423
902	0.0009660609066486359
903	0.0008555836975574493
904	0.0009873062372207642
905	0.0007740035653114319
906	0.0008356012403964996
907	0.0008668117225170135
908	0.0014179311692714691
909	0.0007410161197185516
910	0.0007227808237075806
911	0.000760495662689209
912	0.000863492488861084
913	0.0006865933537483215
914	0.0007777474820613861
915	0.0009523145854473114
916	0.0007947124540805817
917	0.0008156038820743561
918	0.000796835869550705
919	0.0007856041193008423
920	0.000810869038105011
921	0.0007616765797138214
922	0.0008095651865005493
923	0.000871025025844574
924	0.000861726701259613
925	0.0007732696831226349
926	0.0008337385952472687
927	0.0007527507841587067
928	0.0008047707378864288
929	0.0011860840022563934
930	0.0008182376623153687
931	0.0009910948574543
932	0.0007284842431545258
933	0.0008506178855895996
934	0.001198362559080124
935	0.0008046738803386688
936	0.0009164623916149139
937	0.0007894523441791534
938	0.0011738985776901245
939	0.000758633017539978
940	0.0009235367178916931
941	0.0010619349777698517
942	0.000710710883140564
943	0.0008215643465518951
944	0.0008299760520458221
945	0.0008245706558227539
946	0.0007708445191383362
947	0.0009143874049186707
948	0.001000136137008667
949	0.0007464438676834106
950	0.000965561717748642
951	0.0007744692265987396
952	0.0007808543741703033
953	0.0012109428644180298
954	0.0007928162813186646
955	0.0008245036005973816
956	0.0008255317807197571
957	0.0007941573858261108
958	0.0008070841431617737
959	0.0008626915514469147
960	0.0007738284766674042
961	0.0008391216397285461
962	0.0007675811648368835
963	0.000807296484708786
964	0.0008444376289844513
965	0.0008283518254756927
966	0.0007591694593429565
967	0.0008613318204879761
968	0.0008588843047618866
969	0.0008998960256576538
970	0.0007628872990608215
971	0.0007601156830787659
972	0.0007700473070144653
973	0.0008486248552799225
974	0.0010704286396503448
975	0.0008195973932743073
976	0.0009401552379131317
977	0.001036621630191803
978	0.0007996298372745514
979	0.0008624270558357239
980	0.0007979832589626312
981	0.0007194504141807556
982	0.0008126050233840942
983	0.0008995980024337769
984	0.0008283853530883789
985	0.0008203871548175812
986	0.0008088909089565277
987	0.000982876867055893
988	0.001026783138513565
989	0.0007357485592365265
990	0.0007922723889350891
991	0.0008936263620853424
992	0.000839579850435257
993	0.0008270405232906342
994	0.000869065523147583
995	0.0010150671005249023
996	0.0008255727589130402
997	0.0010139942169189453
998	0.0010736249387264252
999	0.000803038477897644
1000	0.001140449196100235
1001	0.0008744709193706512
1002	0.0007349066436290741
1003	0.000809941440820694
1004	0.000990297645330429
1005	0.0007911287248134613
1006	0.0009191669523715973
1007	0.0008600540459156036
1008	0.0008270926773548126
1009	0.0008355230093002319
1010	0.0007242187857627869
1011	0.0007805638015270233
1012	0.0009403117001056671
1013	0.0011679641902446747
1014	0.0007798783481121063
1015	0.000728212296962738
1016	0.0007930435240268707
1017	0.0008970871567726135
1018	0.0008436962962150574
1019	0.0008685551583766937
1020	0.0008154734969139099
1021	0.0008523501455783844
1022	0.0008239150047302246
1023	0.0008432865142822266
1024	0.0007528513669967651
1025	0.0009278357028961182
1026	0.0009900331497192383
1027	0.0007984228432178497
1028	0.0009663403034210205
1029	0.0007822476327419281
1030	0.0009720027446746826
1031	0.000789448618888855
1032	0.000905744731426239
1033	0.0007658414542675018
1034	0.0013040602207183838
1035	0.0008376538753509521
1036	0.0007974989712238312
1037	0.0009711533784866333
1038	0.0007751397788524628
1039	0.0007227212190628052
1040	0.0011043846607208252
1041	0.001470167189836502
1042	0.001124415546655655
1043	0.0008610934019088745
1044	0.000783778727054596
1045	0.0008979327976703644
1046	0.0009779557585716248
1047	0.0008480064570903778
1048	0.0007734037935733795
1049	0.0009590350091457367
1050	0.0008493140339851379
1051	0.0009345188736915588
1052	0.0007971413433551788
1053	0.0008754059672355652
1054	0.0008934400975704193
1055	0.0007630251348018646
1056	0.0009671598672866821
1057	0.0008141174912452698
1058	0.0009147375822067261
1059	0.0010009817779064178
1060	0.000833604484796524
1061	0.0008823685348033905
1062	0.0007969103753566742
1063	0.000776343047618866
1064	0.0009986236691474915
1065	0.0010106004774570465
1066	0.0009726397693157196
1067	0.0007391795516014099
1068	0.0008832179009914398
1069	0.000834830105304718
1070	0.0008803009986877441
1071	0.0010266415774822235
1072	0.0008021369576454163
1073	0.0011613443493843079
1074	0.000791158527135849
1075	0.0008938908576965332
1076	0.0008552856743335724
1077	0.0008662492036819458
1078	0.0008883997797966003
1079	0.0008906945586204529
1080	0.0010586827993392944
1081	0.0008669644594192505
1082	0.0007841363549232483
1083	0.0009210854768753052
1084	0.0007908008992671967
1085	0.0008320659399032593
1086	0.0007935948669910431
1087	0.0009484440088272095
1088	0.0008895695209503174
1089	0.0007971413433551788
1090	0.0008331052958965302
1091	0.000787980854511261
1092	0.0008388310670852661
1093	0.0008626729249954224
1094	0.0007844008505344391
1095	0.0009087398648262024
1096	0.0008765123784542084
1097	0.001435447484254837
1098	0.0008217617869377136
1099	0.0009751170873641968
1100	0.0007611960172653198
1101	0.0008500441908836365
1102	0.001051776111125946
1103	0.0007770098745822906
1104	0.000751398503780365
1105	0.0009132623672485352
1106	0.0009874925017356873
1107	0.0009205378592014313
1108	0.0008385181427001953
1109	0.0008724890649318695
1110	0.0010964907705783844
1111	0.00087767094373703
1112	0.0008078441023826599
1113	0.001181960105895996
1114	0.0008071586489677429
1115	0.000943504273891449
1116	0.0009070225059986115
1117	0.0010603256523609161
1118	0.0009618327021598816
1119	0.001149393618106842
1120	0.000934649258852005
1121	0.0010214410722255707
1122	0.0007741041481494904
1123	0.0008882470428943634
1124	0.0008100345730781555
1125	0.0008647851645946503
1126	0.001018434762954712
1127	0.0008295588195323944
1128	0.0009244419634342194
1129	0.0010350346565246582
1130	0.000874735414981842
1131	0.0008037053048610687
1132	0.0008922889828681946
1133	0.0008476078510284424
1134	0.0009689219295978546
1135	0.000814877450466156
1136	0.0009440779685974121
1137	0.0009813830256462097
1138	0.0008717812597751617
1139	0.0008242055773735046
1140	0.0009394623339176178
1141	0.0011577457189559937
1142	0.0010840296745300293
1143	0.0007778145372867584
1144	0.0007283911108970642
1145	0.001044686883687973
1146	0.0008224621415138245
1147	0.0010364614427089691
1148	0.0007381737232208252
1149	0.0008216202259063721
1150	0.0011111050844192505
1151	0.0010925531387329102
1152	0.0010013990104198456
1153	0.0008056499063968658
1154	0.0008491724729537964
1155	0.0008281469345092773
1156	0.0009850375354290009
1157	0.0008154213428497314
1158	0.0007723867893218994
1159	0.0008724071085453033
1160	0.000975094735622406
1161	0.0008967332541942596
1162	0.0008178427815437317
1163	0.0008600391447544098
1164	0.0008251778781414032
1165	0.0008904412388801575
1166	0.000980563461780548
1167	0.0008348338305950165
1168	0.0009207688271999359
1169	0.0008555799722671509
1170	0.0009586438536643982
1171	0.000809982419013977
1172	0.0007430091500282288
1173	0.0008929222822189331
1174	0.0011968836188316345
1175	0.0009588785469532013
1176	0.0008501410484313965
1177	0.0009948313236236572
1178	0.0007917806506156921
1179	0.0008882209658622742
1180	0.0009507946670055389
1181	0.0009799562394618988
1182	0.0008123479783535004
1183	0.0007748566567897797
1184	0.0008479729294776917
1185	0.000896994024515152
1186	0.0008366480469703674
1187	0.0009218044579029083
1188	0.0011281296610832214
1189	0.0008952133357524872
1190	0.001291029155254364
1191	0.0007964782416820526
1192	0.0007957741618156433
1193	0.0009239017963409424
1194	0.000858645886182785
1195	0.0009315833449363708
1196	0.0008976012468338013
1197	0.0008476749062538147
1198	0.000815369188785553
1199	0.0007969103753566742
1200	0.0008078552782535553
1201	0.0007882304489612579
1202	0.0008827336132526398
1203	0.0011575669050216675
1204	0.0007541291415691376
1205	0.0008140243589878082
1206	0.0012643635272979736
1207	0.000854887068271637
1208	0.0009525381028652191
1209	0.0008957572281360626
1210	0.000777415931224823
1211	0.0008709952235221863
1212	0.0010047778487205505
1213	0.0009510703384876251
1214	0.0008919872343540192
1215	0.0008645430207252502
1216	0.0008996166288852692
1217	0.001112028956413269
1218	0.0007944405078887939
1219	0.0009960904717445374
1220	0.0009073950350284576
1221	0.0009042546153068542
1222	0.0008578598499298096
1223	0.0008382759988307953
1224	0.0008237659931182861
1225	0.0008238069713115692
1226	0.0009908154606819153
1227	0.0013046599924564362
1228	0.0008859522640705109
1229	0.0008116662502288818
1230	0.0008891858160495758
1231	0.001108665019273758
1232	0.0009239949285984039
1233	0.0009059682488441467
1234	0.0008487850427627563
1235	0.0008345022797584534
1236	0.000982329249382019
1237	0.000923987478017807
1238	0.0009360387921333313
1239	0.0009404085576534271
1240	0.0010016746819019318
1241	0.0008984953165054321
1242	0.0011207684874534607
1243	0.0011205263435840607
1244	0.0008496157824993134
1245	0.0008128918707370758
1246	0.0008306838572025299
1247	0.0009152553975582123
1248	0.0008978210389614105
1249	0.0008503422141075134
1250	0.0008352622389793396
1251	0.0008899681270122528
1252	0.000746116042137146
1253	0.0008787438273429871
1254	0.0008235126733779907
1255	0.0008959993720054626
1256	0.0009131617844104767
1257	0.0009422078728675842
1258	0.0008804537355899811
1259	0.0007632561028003693
1260	0.0007595866918563843
1261	0.0009367614984512329
1262	0.0007582046091556549
1263	0.0009384267032146454
1264	0.0009369999170303345
1265	0.0007720813155174255
1266	0.0008961036801338196
1267	0.0007849633693695068
1268	0.0016352422535419464
1269	0.0008797682821750641
1270	0.000842653214931488
1271	0.0012493990361690521
1272	0.0009054653346538544
1273	0.0009787902235984802
1274	0.000744599848985672
1275	0.0009478889405727386
1276	0.0007807798683643341
1277	0.0009017921984195709
1278	0.0009913370013237
1279	0.0008698813617229462
1280	0.0008908621966838837
1281	0.0009373463690280914
1282	0.0007680319249629974
1283	0.0008186139166355133
1284	0.0010893233120441437
1285	0.0008364021778106689
1286	0.001385170966386795
1287	0.0011700913310050964
1288	0.0009699352085590363
1289	0.0009106025099754333
1290	0.0009718984365463257
1291	0.0008764602243900299
1292	0.001131400465965271
1293	0.0008978359401226044
1294	0.0009515397250652313
1295	0.0009049363434314728
1296	0.0008406639099121094
1297	0.0008573606610298157
1298	0.0008610300719738007
1299	0.0008500330150127411
1300	0.0012630708515644073
1301	0.0009260401129722595
1302	0.0009001046419143677
1303	0.0008353777229785919
1304	0.0011689700186252594
1305	0.0009475499391555786
1306	0.000850088894367218
1307	0.0009344443678855896
1308	0.0012012757360935211
1309	0.0009015128016471863
1310	0.0009441636502742767
1311	0.0008381865918636322
1312	0.0007597543299198151
1313	0.0008220002055168152
1314	0.0008059963583946228
1315	0.0009041018784046173
1316	0.0009859614074230194
1317	0.0008490048348903656
1318	0.0007878206670284271
1319	0.0008051209151744843
1320	0.0011685453355312347
1321	0.0008470714092254639
1322	0.0009529739618301392
1323	0.0008436068892478943
1324	0.0008798167109489441
1325	0.0008760429918766022
1326	0.0007920749485492706
1327	0.001053985208272934
1328	0.0008604750037193298
1329	0.001006200909614563
1330	0.0008683130145072937
1331	0.0008612833917140961
1332	0.0008894801139831543
1333	0.0008970946073532104
1334	0.0008402131497859955
1335	0.001025177538394928
1336	0.000898357480764389
1337	0.0010519176721572876
1338	0.0008659176528453827
1339	0.0008989050984382629
1340	0.0008040480315685272
1341	0.000775359570980072
1342	0.0008332319557666779
1343	0.0008438900113105774
1344	0.0008749291300773621
1345	0.0009007081389427185
1346	0.0008542872965335846
1347	0.0009172894060611725
1348	0.0008162185549736023
1349	0.0009116493165493011
1350	0.0011058002710342407
1351	0.0009007863700389862
1352	0.0008035525679588318
1353	0.0009748637676239014
1354	0.000804554671049118
1355	0.0009721033275127411
1356	0.0010253936052322388
1357	0.0011844262480735779
1358	0.0008535459637641907
1359	0.0007893182337284088
1360	0.0008163563907146454
1361	0.0010246597230434418
1362	0.0008597411215305328
1363	0.0009352006018161774
1364	0.0008666366338729858
1365	0.001012999564409256
1366	0.0009325370192527771
1367	0.0007878728210926056
1368	0.0010676756501197815
1369	0.0010286718606948853
1370	0.0007542185485363007
1371	0.001285608857870102
1372	0.0007669180631637573
1373	0.0008911751210689545
1374	0.0008544139564037323
1375	0.0010865777730941772
1376	0.0009206868708133698
1377	0.000838983803987503
1378	0.0009009428322315216
1379	0.0009117051959037781
1380	0.000898461788892746
1381	0.0008490532636642456
1382	0.0008971728384494781
1383	0.0007523186504840851
1384	0.0008521117269992828
1385	0.0008987858891487122
1386	0.0009215511381626129
1387	0.0008384622633457184
1388	0.0007818862795829773
1389	0.0011851564049720764
1390	0.0009429603815078735
1391	0.0008059851825237274
1392	0.000947955995798111
1393	0.0011345073580741882
1394	0.0010079368948936462
1395	0.0008057989180088043
1396	0.0009885020554065704
1397	0.0009103566408157349
1398	0.0008864998817443848
1399	0.0008478052914142609
1400	0.0009161904454231262
1401	0.0007792375981807709
1402	0.000819765031337738
1403	0.0008390732109546661
1404	0.0007980465888977051
1405	0.0008565299212932587
1406	0.0009121447801589966
1407	0.0008500032126903534
1408	0.0010320208966732025
1409	0.0008715130388736725
1410	0.0008747130632400513
1411	0.000803086906671524
1412	0.0008112452924251556
1413	0.000846419483423233
1414	0.0010870322585105896
1415	0.0011210143566131592
1416	0.0008971616625785828
1417	0.0008133649826049805
1418	0.0009116940200328827
1419	0.000851605087518692
1420	0.0008306801319122314
1421	0.0008657723665237427
1422	0.0010579600930213928
1423	0.0008168220520019531
1424	0.0008359327912330627
1425	0.0007832646369934082
1426	0.0008151717483997345
1427	0.0009035840630531311
1428	0.000995345413684845
1429	0.0012830793857574463
1430	0.0009940080344676971
1431	0.0009478069841861725
1432	0.0010198168456554413
1433	0.0009081140160560608
1434	0.0008760988712310791
1435	0.0009534358978271484
1436	0.0008805133402347565
1437	0.0008516162633895874
1438	0.0008782334625720978
1439	0.0008066035807132721
1440	0.0008746720850467682
1441	0.0009005479514598846
1442	0.0008271224796772003
1443	0.0009653382003307343
1444	0.0008835308253765106
1445	0.0008990392088890076
1446	0.0009203888475894928
1447	0.0009207352995872498
1448	0.0007964521646499634
1449	0.0007715709507465363
1450	0.0009142868220806122
1451	0.0008545033633708954
1452	0.0008053667843341827
1453	0.0009315311908721924
1454	0.0008324794471263885
1455	0.0008958876132965088
1456	0.000965263694524765
1457	0.0010514594614505768
1458	0.0008116923272609711
1459	0.0013820268213748932
1460	0.00078573077917099
1461	0.0009208284318447113
1462	0.0009244121611118317
1463	0.0008623301982879639
1464	0.0009250007569789886
1465	0.0010346956551074982
1466	0.000806950032711029
1467	0.0011095330119132996
1468	0.0009222887456417084
1469	0.0008969791233539581
1470	0.0008724071085453033
1471	0.0008533895015716553
1472	0.0008703134953975677
1473	0.0008948333561420441
1474	0.0008769147098064423
1475	0.0008306615054607391
1476	0.0008396618068218231
1477	0.000820111483335495
1478	0.0008101947605609894
1479	0.0008296966552734375
1480	0.0010178759694099426
1481	0.0008753873407840729
1482	0.0009486787021160126
1483	0.0007389485836029053
1484	0.0008302554488182068
1485	0.0014606676995754242
1486	0.0009452700614929199
1487	0.0008581578731536865
1488	0.0010453127324581146
1489	0.0009563528001308441
1490	0.0008504390716552734
1491	0.000936068594455719
1492	0.0009079352021217346
1493	0.0008245706558227539
1494	0.0010561533272266388
1495	0.0008059367537498474
1496	0.0008798316121101379
1497	0.0008862875401973724
1498	0.0008804425597190857
1499	0.0009218640625476837
1500	0.0008821077644824982
1501	0.0008792467415332794
1502	0.0008369684219360352
1503	0.001078963279724121
1504	0.0009570978581905365
1505	0.0008783489465713501
1506	0.0008214861154556274
1507	0.0008166097104549408
1508	0.0009537823498249054
1509	0.0009025223553180695
1510	0.001028452068567276
1511	0.000820942223072052
1512	0.0009370073676109314
1513	0.0007882416248321533
1514	0.0007744692265987396
1515	0.0009302720427513123
1516	0.0008612163364887238
1517	0.0009024254977703094
1518	0.000754624605178833
1519	0.0008812732994556427
1520	0.0007975064218044281
1521	0.0010695308446884155
1522	0.0009703785181045532
1523	0.0008962303400039673
1524	0.0009778141975402832
1525	0.0008826926350593567
1526	0.0009418278932571411
1527	0.0008628480136394501
1528	0.0008446276187896729
1529	0.0008791834115982056
1530	0.0007774122059345245
1531	0.0009215809404850006
1532	0.0009563453495502472
1533	0.0009369663894176483
1534	0.000927656888961792
1535	0.0008389651775360107
1536	0.000981789082288742
1537	0.0008641444146633148
1538	0.0008223243057727814
1539	0.0008891783654689789
1540	0.00099911168217659
1541	0.0008034296333789825
1542	0.0008222386240959167
1543	0.000833854079246521
1544	0.0007462501525878906
1545	0.0009206496179103851
1546	0.0008421055972576141
1547	0.0008908435702323914
1548	0.0008733607828617096
1549	0.0008736737072467804
1550	0.0007905140519142151
1551	0.000905357301235199
1552	0.0009198188781738281
1553	0.0008229166269302368
1554	0.0009596198797225952
1555	0.0008401311933994293
1556	0.0008588731288909912
1557	0.0010285153985023499
1558	0.0009008646011352539
1559	0.000868726521730423
1560	0.0009818561375141144
1561	0.0009552054107189178
1562	0.001019023358821869
1563	0.000810135155916214
1564	0.0008024834096431732
1565	0.0009731762111186981
1566	0.000838354229927063
1567	0.0010681673884391785
1568	0.0011464059352874756
1569	0.0008559264242649078
1570	0.0008036196231842041
1571	0.0007703863084316254
1572	0.0010744854807853699
1573	0.0008340664207935333
1574	0.0008431263267993927
1575	0.0008593834936618805
1576	0.0009607486426830292
1577	0.0009430274367332458
1578	0.0008033700287342072
1579	0.0011302903294563293
1580	0.0008067414164543152
1581	0.0008126534521579742
1582	0.0009254850447177887
1583	0.0010241679847240448
1584	0.0008240565657615662
1585	0.000811498612165451
1586	0.0008628144860267639
1587	0.0008239150047302246
1588	0.0008229091763496399
1589	0.0007735900580883026
1590	0.0008265860378742218
1591	0.0009287521243095398
1592	0.0008761286735534668
1593	0.0007873773574829102
1594	0.0008979663252830505
1595	0.000909414142370224
1596	0.000892098993062973
1597	0.0009013339877128601
1598	0.000887453556060791
1599	0.0008913427591323853
1600	0.0009805746376514435
1601	0.0009622871875762939
1602	0.0008284524083137512
1603	0.000862371176481247
1604	0.000860113650560379
1605	0.0008502081036567688
1606	0.0009053237736225128
1607	0.0008191429078578949
1608	0.0009001865983009338
1609	0.000909850001335144
1610	0.0010886378586292267
1611	0.000861048698425293
1612	0.0008692629635334015
1613	0.0009221285581588745
1614	0.0010283216834068298
1615	0.0008013136684894562
1616	0.0009923875331878662
1617	0.000810474157333374
1618	0.0009159296751022339
1619	0.0009084008634090424
1620	0.0008241571485996246
1621	0.0010272487998008728
1622	0.0008155591785907745
1623	0.0009873881936073303
1624	0.0007910504937171936
1625	0.0008328817784786224
1626	0.0009343475103378296
1627	0.0009706169366836548
1628	0.0008488334715366364
1629	0.0012535974383354187
1630	0.0007741674780845642
1631	0.000849451869726181
1632	0.001024242490530014
1633	0.000802893191576004
1634	0.0008765943348407745
1635	0.0008566267788410187
1636	0.0009075365960597992
1637	0.0007921457290649414
1638	0.00080142542719841
1639	0.000998184084892273
1640	0.0009352937340736389
1641	0.0009479299187660217
1642	0.0009723976254463196
1643	0.0008720159530639648
1644	0.0009249784052371979
1645	0.0008737146854400635
1646	0.0010168291628360748
1647	0.0007929727435112
1648	0.0008612833917140961
1649	0.0008022338151931763
1650	0.0008514709770679474
1651	0.0009081177413463593
1652	0.0010722614824771881
1653	0.0007529295980930328
1654	0.001032371073961258
1655	0.0010131597518920898
1656	0.0008637942373752594
1657	0.0009802430868148804
1658	0.001071196049451828
1659	0.000861726701259613
1660	0.0009087659418582916
1661	0.0010680072009563446
1662	0.0008613206446170807
1663	0.001046605408191681
1664	0.0009490437805652618
1665	0.0008671842515468597
1666	0.0009195096790790558
1667	0.0008157417178153992
1668	0.0013145729899406433
1669	0.0007903836667537689
1670	0.0008985772728919983
1671	0.0007932670414447784
1672	0.000834152102470398
1673	0.0010361149907112122
1674	0.0009567812085151672
1675	0.000793851912021637
1676	0.0008415468037128448
1677	0.0007748082280158997
1678	0.0008778609335422516
1679	0.0008813217282295227
1680	0.0008583813905715942
1681	0.0008930005133152008
1682	0.0010603107511997223
1683	0.0007752664387226105
1684	0.0007905587553977966
1685	0.0011121630668640137
1686	0.0008303746581077576
1687	0.0007592998445034027
1688	0.0009025894105434418
1689	0.000983167439699173
1690	0.000917825847864151
1691	0.0008797906339168549
1692	0.0008404664695262909
1693	0.0008016936480998993
1694	0.0008976906538009644
1695	0.0008876398205757141
1696	0.0009453147649765015
1697	0.0008529722690582275
1698	0.0008673444390296936
1699	0.0010040625929832458
1700	0.0009102113544940948
1701	0.0009111687541007996
1702	0.0009437762200832367
1703	0.0008369497954845428
1704	0.0034977272152900696
1705	0.0009902864694595337
1706	0.0008414648473262787
1707	0.0009767338633537292
1708	0.0008654221892356873
1709	0.001123335212469101
1710	0.0008944645524024963
1711	0.0009624883532524109
1712	0.0008346028625965118
1713	0.0010799169540405273
1714	0.0008328631520271301
1715	0.0009519048035144806
1716	0.001014016568660736
1717	0.0009506270289421082
1718	0.0008103251457214355
1719	0.0008815489709377289
1720	0.000824224203824997
1721	0.0008773133158683777
1722	0.0007872395217418671
1723	0.0007909126579761505
1724	0.0009208917617797852
1725	0.0008827932178974152
1726	0.0008293651044368744
1727	0.0008956827223300934
1728	0.0009377077221870422
1729	0.0009537450969219208
1730	0.0008635185658931732
1731	0.0009027905762195587
1732	0.0007852353155612946
1733	0.0008018799126148224
1734	0.0009600110352039337
1735	0.0011105425655841827
1736	0.001186951994895935
1737	0.0009483583271503448
1738	0.0008242689073085785
1739	0.0008270964026451111
1740	0.0009244158864021301
1741	0.000790819525718689
1742	0.0007997527718544006
1743	0.0009012632071971893
1744	0.0007774680852890015
1745	0.0009378157556056976
1746	0.0008550509810447693
1747	0.0008866563439369202
1748	0.0008812770247459412
1749	0.0010500513017177582
1750	0.0009099841117858887
1751	0.001040574163198471
1752	0.000895816832780838
1753	0.000843975692987442
1754	0.0008013695478439331
1755	0.0011681802570819855
1756	0.0008653253316879272
1757	0.0009239763021469116
1758	0.0009704530239105225
1759	0.0010443814098834991
1760	0.0009242258965969086
1761	0.000770866870880127
1762	0.000878654420375824
1763	0.0008438080549240112
1764	0.0011252760887145996
1765	0.000883929431438446
1766	0.0009349733591079712
1767	0.0009891986846923828
1768	0.0010279454290866852
1769	0.0010339319705963135
1770	0.0008896701037883759
1771	0.0009619928896427155
1772	0.0011874772608280182
1773	0.001002289354801178
1774	0.0008392632007598877
1775	0.0008719675242900848
1776	0.0007820688188076019
1777	0.0008307658135890961
1778	0.0010381266474723816
1779	0.000877775251865387
1780	0.0007872916758060455
1781	0.0008586235344409943
1782	0.0009046904742717743
1783	0.0009396225214004517
1784	0.0007872618734836578
1785	0.00129014253616333
1786	0.0012662336230278015
1787	0.0008987188339233398
1788	0.000809989869594574
1789	0.00088520348072052
1790	0.0009835399687290192
1791	0.0010035857558250427
1792	0.000952448695898056
1793	0.0007931813597679138
1794	0.0008499398827552795
1795	0.0012086480855941772
1796	0.000913761556148529
1797	0.0008277259767055511
1798	0.001070857048034668
1799	0.0008676014840602875
1800	0.0007774271070957184
1801	0.0009892359375953674
1802	0.0010750144720077515
1803	0.0008028820157051086
1804	0.0008224919438362122
1805	0.0009693093597888947
1806	0.0008286572992801666
1807	0.001010209321975708
1808	0.0009258463978767395
1809	0.0012944303452968597
1810	0.0008373148739337921
1811	0.0009293220937252045
1812	0.0008926540613174438
1813	0.0009467899799346924
1814	0.0007691420614719391
1815	0.0007788054645061493
1816	0.0008091181516647339
1817	0.0008876137435436249
1818	0.0009827986359596252
1819	0.0008748732507228851
1820	0.0009954124689102173
1821	0.0008862391114234924
1822	0.0008928254246711731
1823	0.0007742829620838165
1824	0.0007836893200874329
1825	0.0009295381605625153
1826	0.0007605031132698059
1827	0.000793706625699997
1828	0.001348257064819336
1829	0.0008484311401844025
1830	0.0008419863879680634
1831	0.0008263625204563141
1832	0.0008476339280605316
1833	0.0008181370794773102
1834	0.0010422728955745697
1835	0.0009950138628482819
1836	0.0008775927126407623
1837	0.0008406974375247955
1838	0.000812530517578125
1839	0.0008395016193389893
1840	0.0013325773179531097
1841	0.0008048228919506073
1842	0.001046210527420044
1843	0.000937093049287796
1844	0.0008306987583637238
1845	0.001153256744146347
1846	0.0011490359902381897
1847	0.0008575841784477234
1848	0.0008635036647319794
1849	0.0009075924754142761
1850	0.0008211880922317505
1851	0.0008823312819004059
1852	0.0010782815515995026
1853	0.0008676908910274506
1854	0.0009868256747722626
1855	0.0008637420833110809
1856	0.0010149069130420685
1857	0.000946972519159317
1858	0.0009045898914337158
1859	0.0008922293782234192
1860	0.0010440051555633545
1861	0.0007925070822238922
1862	0.0008362457156181335
1863	0.0010538659989833832
1864	0.0007694661617279053
1865	0.0009538792073726654
1866	0.0009212382137775421
1867	0.0009721294045448303
1868	0.000883202999830246
1869	0.0010154172778129578
1870	0.0009365193545818329
1871	0.000783383846282959
1872	0.0009218677878379822
1873	0.0008933842182159424
1874	0.0009863078594207764
1875	0.0008611716330051422
1876	0.0009136013686656952
1877	0.0009806528687477112
1878	0.0008374080061912537
1879	0.0011762790381908417
1880	0.0008644871413707733
1881	0.0008315220475196838
1882	0.0009236671030521393
1883	0.0009142197668552399
1884	0.0008544474840164185
1885	0.0010343529284000397
1886	0.0008871555328369141
1887	0.0008913762867450714
1888	0.0010833740234375
1889	0.0008785314857959747
1890	0.0010669119656085968
1891	0.0010839290916919708
1892	0.0009014308452606201
1893	0.0008654817938804626
1894	0.0008776336908340454
1895	0.0007948614656925201
1896	0.0008373819291591644
1897	0.0009010285139083862
1898	0.0010916851460933685
1899	0.0008361153304576874
1900	0.0007724128663539886
1901	0.000925060361623764
1902	0.0008751526474952698
1903	0.00080128014087677
1904	0.0009728074073791504
1905	0.0007941089570522308
1906	0.0008187666535377502
1907	0.0007544495165348053
1908	0.0009548291563987732
1909	0.0012263059616088867
1910	0.0007501617074012756
1911	0.0011590532958507538
1912	0.0009209848940372467
1913	0.0008217357099056244
1914	0.0009551756083965302
1915	0.0009585656225681305
1916	0.0008043721318244934
1917	0.0009819082915782928
1918	0.001042678952217102
1919	0.0009474046528339386
1920	0.0007899291813373566
1921	0.0009197890758514404
1922	0.0011603906750679016
1923	0.0011145137250423431
1924	0.0014416687190532684
1925	0.000948537141084671
1926	0.0008530169725418091
1927	0.0008520409464836121
1928	0.0013393238186836243
1929	0.0011045075953006744
1930	0.0009032823145389557
1931	0.0009332560002803802
1932	0.00099114328622818
1933	0.0008468702435493469
1934	0.0009182654321193695
1935	0.0010196194052696228
1936	0.0007796250283718109
1937	0.0009084083139896393
1938	0.0008645914494991302
1939	0.0008544512093067169
1940	0.0009163506329059601
1941	0.0008018948137760162
1942	0.0010228082537651062
1943	0.0008726306259632111
1944	0.0009945183992385864
1945	0.001047428697347641
1946	0.0009254142642021179
1947	0.0009821951389312744
1948	0.0007462278008460999
1949	0.0009628422558307648
1950	0.0009508542716503143
1951	0.001117270439863205
1952	0.0011641457676887512
1953	0.0008578002452850342
1954	0.0007730051875114441
1955	0.0011126846075057983
1956	0.001011338084936142
1957	0.0009573101997375488
1958	0.0009302981197834015
1959	0.0009636804461479187
1960	0.0008216612040996552
1961	0.0007787346839904785
1962	0.0007953345775604248
1963	0.0009594559669494629
1964	0.0011135153472423553
1965	0.0008759237825870514
1966	0.000958658754825592
1967	0.0008138790726661682
1968	0.0007493980228900909
1969	0.001038089394569397
1970	0.0009677708148956299
1971	0.0010733604431152344
1972	0.0009514763951301575
1973	0.0008278973400592804
1974	0.0008212253451347351
1975	0.0009021200239658356
1976	0.0008906088769435883
1977	0.0008500106632709503
1978	0.000999491661787033
1979	0.0010381117463111877
1980	0.000917583703994751
1981	0.0008705258369445801
1982	0.0008788518607616425
1983	0.0007940158247947693
1984	0.0008508004248142242
1985	0.0010666623711585999
1986	0.0010876953601837158
1987	0.0007338076829910278
1988	0.0008216053247451782
1989	0.000794094055891037
1990	0.0010164938867092133
1991	0.0008533000946044922
1992	0.0009515918791294098
1993	0.0008477978408336639
1994	0.0008795671164989471
1995	0.0010127872228622437
1996	0.0009705089032649994
1997	0.0009671784937381744
1998	0.0007909797132015228
1999	0.0011580251157283783
2000	0.0008522495627403259
2001	0.0008747465908527374
2002	0.0010193847119808197
2003	0.0008020922541618347
2004	0.001086406409740448
2005	0.0010744407773017883
2006	0.0008881948888301849
2007	0.0010734796524047852
2008	0.0008264780044555664
2009	0.0007975287735462189
2010	0.0009977370500564575
2011	0.0007792189717292786
2012	0.0011960230767726898
2013	0.0007975436747074127
2014	0.0010496340692043304
2015	0.0008546486496925354
2016	0.0008981749415397644
2017	0.00084681436419487
2018	0.0009309910237789154
2019	0.0008617937564849854
2020	0.0008094422519207001
2021	0.0009949654340744019
2022	0.0009185783565044403
2023	0.0008131265640258789
2024	0.0011898353695869446
2025	0.000849556177854538
2026	0.0008796565234661102
2027	0.0008264146745204926
2028	0.000834539532661438
2029	0.0007672570645809174
2030	0.0010814480483531952
2031	0.0008087791502475739
2032	0.0008513517677783966
2033	0.0008530989289283752
2034	0.0008932203054428101
2035	0.0008661001920700073
2036	0.001174692064523697
2037	0.0008784979581832886
2038	0.0008471645414829254
2039	0.0008572973310947418
2040	0.0009562894701957703
2041	0.0008437484502792358
2042	0.0008758530020713806
2043	0.0008316971361637115
2044	0.000874694436788559
2045	0.0008530914783477783
2046	0.0012186020612716675
2047	0.0009582564234733582
2048	0.0011640191078186035
2049	0.0008541569113731384
2050	0.0009799748659133911
2051	0.0008566267788410187
2052	0.0008723698556423187
2053	0.001158345490694046
2054	0.0014001540839672089
2055	0.0008543245494365692
2056	0.0010238662362098694
2057	0.0008154474198818207
2058	0.0012724772095680237
2059	0.000856500118970871
2060	0.001048509031534195
2061	0.0008902549743652344
2062	0.0007935389876365662
2063	0.0008425898849964142
2064	0.0008654184639453888
2065	0.000935383141040802
2066	0.0007969848811626434
2067	0.000748954713344574
2068	0.0008115470409393311
2069	0.0008216053247451782
2070	0.0009508579969406128
2071	0.0011388137936592102
2072	0.0010583586990833282
2073	0.0008294694125652313
2074	0.0009225048124790192
2075	0.0008919760584831238
2076	0.0010483190417289734
2077	0.0011223964393138885
2078	0.001070711761713028
2079	0.0010645389556884766
2080	0.0008484609425067902
2081	0.0009323172271251678
2082	0.0009048730134963989
2083	0.0008145160973072052
2084	0.000897485762834549
2085	0.0008956007659435272
2086	0.0008884929120540619
2087	0.0008310228586196899
2088	0.0010175518691539764
2089	0.0009062476456165314
2090	0.0009178780019283295
2091	0.0008080825209617615
2092	0.0009720958769321442
2093	0.0010884478688240051
2094	0.0008160397410392761
2095	0.0009696707129478455
2096	0.0014944523572921753
2097	0.0008653253316879272
2098	0.0011206530034542084
2099	0.0009353645145893097
